plant_id,line_id,production_day,shift_code,planned_min,unplanned_dt_min,availability,performance,quality,oee
PLT01,PLT01-L1,2026-10-19,S1,480,11,0.9771,0.0248,0.9995,0.0242
PLT01,PLT01-L1,2026-10-19,S2,480,0,1.0000,0.0235,0.9995,0.0235
PLT01,PLT01-L1,2026-10-19,S3,480,0,1.0000,0.0254,0.9994,0.0254
PLT01,PLT01-L1,2026-10-20,S1,480,30,0.9375,0.0255,0.9994,0.0239
PLT01,PLT01-L1,2026-10-20,S2,480,0,1.0000,0.0243,0.9995,0.0243
PLT01,PLT01-L1,2026-10-20,S3,480,0,1.0000,0.0231,0.9994,0.0231
PLT01,PLT01-L1,2026-10-21,S1,480,99,0.7938,0.0295,0.9996,0.0234
PLT01,PLT01-L1,2026-10-21,S2,480,0,1.0000,0.0245,0.9994,0.0245
PLT01,PLT01-L1,2026-10-21,S3,480,0,1.0000,0.0232,0.9995,0.0232
PLT01,PLT01-L1,2026-10-22,S1,480,104,0.7833,0.0286,0.9995,0.0224
PLT01,PLT01-L1,2026-10-22,S2,480,45,0.9063,0.0274,0.9996,0.0248
PLT01,PLT01-L1,2026-10-22,S3,480,0,1.0000,0.0245,0.9995,0.0245
PLT01,PLT01-L1,2026-10-23,S1,480,0,1.0000,0.0246,0.9996,0.0246
PLT01,PLT01-L1,2026-10-23,S2,480,0,1.0000,0.0234,0.9995,0.0234
PLT01,PLT01-L1,2026-10-23,S3,480,0,1.0000,0.0242,0.9994,0.0242
PLT01,PLT01-L1,2026-10-24,S1,480,0,1.0000,0.0231,0.9996,0.0231
PLT01,PLT01-L1,2026-10-24,S2,480,0,1.0000,0.0241,0.9994,0.0241
PLT01,PLT01-L1,2026-10-24,S3,480,78,0.8375,0.0289,0.9994,0.0242
PLT01,PLT01-L1,2026-10-25,S1,480,0,1.0000,0.0240,0.9996,0.0240
PLT01,PLT01-L1,2026-10-25,S2,480,55,0.8854,0.0275,0.9995,0.0243
PLT01,PLT01-L1,2026-10-25,S3,480,0,1.0000,0.0243,0.9994,0.0243
PLT01,PLT01-L1,2026-10-26,S1,480,1,0.9979,0.0244,0.9996,0.0243
PLT01,PLT01-L1,2026-10-26,S2,480,0,1.0000,0.0236,0.9995,0.0236
PLT01,PLT01-L1,2026-10-26,S3,480,0,1.0000,0.0236,0.9996,0.0236
PLT01,PLT01-L1,2026-10-27,S1,480,0,1.0000,0.0233,0.9994,0.0233
PLT01,PLT01-L1,2026-10-27,S2,480,0,1.0000,0.0243,0.9995,0.0243
PLT01,PLT01-L1,2026-10-27,S3,480,0,1.0000,0.0239,0.9994,0.0239
PLT01,PLT01-L1,2026-10-28,S1,480,0,1.0000,0.0234,0.9996,0.0234
PLT01,PLT01-L1,2026-10-28,S2,480,0,1.0000,0.0243,0.9996,0.0243
PLT01,PLT01-L1,2026-10-28,S3,480,83,0.8271,0.0282,0.9995,0.0233
PLT01,PLT01-L1,2026-10-29,S1,480,0,1.0000,0.0238,0.9995,0.0238
PLT01,PLT01-L1,2026-10-29,S2,480,0,1.0000,0.0246,0.9995,0.0246
PLT01,PLT01-L1,2026-10-29,S3,480,0,1.0000,0.0227,0.9995,0.0227
PLT01,PLT01-L1,2026-10-30,S1,480,11,0.9771,0.0244,0.9996,0.0239
PLT01,PLT01-L1,2026-10-30,S2,480,0,1.0000,0.0239,0.9995,0.0239
PLT01,PLT01-L1,2026-10-30,S3,480,0,1.0000,0.0229,0.9995,0.0229
PLT01,PLT01-L1,2026-10-31,S1,480,110,0.7708,0.0275,0.9995,0.0212
PLT01,PLT01-L1,2026-10-31,S2,480,0,1.0000,0.0230,0.9995,0.0230
PLT01,PLT01-L1,2026-10-31,S3,540,120,0.7778,0.0281,0.9996,0.0218
PLT01,PLT01-L1,2026-11-01,S1,480,65,0.8646,0.0281,0.9995,0.0242
PLT01,PLT01-L1,2026-11-01,S2,480,0,1.0000,0.0239,0.9994,0.0239
PLT01,PLT01-L1,2026-11-01,S3,480,0,1.0000,0.0244,0.9994,0.0244
PLT01,PLT01-L1,2026-11-02,S1,480,0,1.0000,0.0237,0.9995,0.0237
PLT01,PLT01-L1,2026-11-02,S2,480,0,1.0000,0.0229,0.9995,0.0229
PLT01,PLT01-L1,2026-11-02,S3,480,0,1.0000,0.0238,0.9995,0.0238
PLT01,PLT01-L1,2026-11-03,S1,480,0,1.0000,0.0241,0.9996,0.0241
PLT01,PLT01-L1,2026-11-03,S2,480,0,1.0000,0.0241,0.9994,0.0241
PLT01,PLT01-L1,2026-11-03,S3,480,0,1.0000,0.0236,0.9995,0.0236
PLT01,PLT01-L1,2026-11-04,S1,480,78,0.8375,0.0297,0.9996,0.0249
PLT01,PLT01-L1,2026-11-04,S2,480,0,1.0000,0.0235,0.9996,0.0235
PLT01,PLT01-L1,2026-11-04,S3,480,0,1.0000,0.0244,0.9996,0.0244
PLT01,PLT01-L1,2026-11-05,S1,480,0,1.0000,0.0231,0.9996,0.0231
PLT01,PLT01-L1,2026-11-05,S2,480,46,0.9042,0.0254,0.9994,0.0229
PLT01,PLT01-L1,2026-11-05,S3,480,0,1.0000,0.0242,0.9994,0.0242
PLT01,PLT01-L1,2026-11-06,S1,480,0,1.0000,0.0236,0.9996,0.0236
PLT01,PLT01-L1,2026-11-06,S2,480,0,1.0000,0.0245,0.9995,0.0245
PLT01,PLT01-L1,2026-11-06,S3,480,0,1.0000,0.0248,0.9995,0.0248
PLT01,PLT01-L1,2026-11-07,S1,480,129,0.7313,0.0330,0.9996,0.0242
PLT01,PLT01-L1,2026-11-07,S2,480,0,1.0000,0.0238,0.9994,0.0238
PLT01,PLT01-L1,2026-11-07,S3,480,0,1.0000,0.0232,0.9996,0.0232
PLT01,PLT01-L1,2026-11-08,S1,480,0,1.0000,0.0236,0.9994,0.0236
PLT01,PLT01-L1,2026-11-08,S2,480,0,1.0000,0.0232,0.9995,0.0232
PLT01,PLT01-L1,2026-11-08,S3,480,122,0.7458,0.0328,0.9996,0.0244
PLT01,PLT01-L1,2026-11-09,S1,480,0,1.0000,0.0225,0.9995,0.0224
PLT01,PLT01-L1,2026-11-09,S2,480,0,1.0000,0.0240,0.9995,0.0240
PLT01,PLT01-L1,2026-11-09,S3,480,0,1.0000,0.0244,0.9996,0.0244
PLT01,PLT01-L1,2026-11-10,S1,480,0,1.0000,0.0244,0.9995,0.0244
PLT01,PLT01-L1,2026-11-10,S2,480,0,1.0000,0.0238,0.9994,0.0238
PLT01,PLT01-L1,2026-11-10,S3,480,0,1.0000,0.0235,0.9995,0.0235
PLT01,PLT01-L1,2026-11-11,S1,480,0,1.0000,0.0241,0.9995,0.0241
PLT01,PLT01-L1,2026-11-11,S2,480,0,1.0000,0.0249,0.9996,0.0249
PLT01,PLT01-L1,2026-11-11,S3,480,107,0.7771,0.0312,0.9995,0.0242
PLT01,PLT01-L1,2026-11-12,S1,480,22,0.9542,0.0251,0.9997,0.0239
PLT01,PLT01-L1,2026-11-12,S2,480,0,1.0000,0.0232,0.9995,0.0232
PLT01,PLT01-L1,2026-11-12,S3,480,0,1.0000,0.0236,0.9995,0.0236
PLT01,PLT01-L1,2026-11-13,S1,480,58,0.8792,0.0273,0.9996,0.0240
PLT01,PLT01-L1,2026-11-13,S2,480,74,0.8458,0.0289,0.9995,0.0244
PLT01,PLT01-L1,2026-11-13,S3,480,0,1.0000,0.0242,0.9995,0.0242
PLT01,PLT01-L1,2026-11-14,S1,480,0,1.0000,0.0238,0.9997,0.0238
PLT01,PLT01-L1,2026-11-14,S2,480,0,1.0000,0.0237,0.9995,0.0237
PLT01,PLT01-L1,2026-11-14,S3,480,0,1.0000,0.0238,0.9996,0.0238
PLT01,PLT01-L1,2026-11-15,S1,480,0,1.0000,0.0250,0.9995,0.0250
PLT01,PLT01-L1,2026-11-15,S2,480,0,1.0000,0.0236,0.9994,0.0236
PLT01,PLT01-L1,2026-11-15,S3,480,0,1.0000,0.0245,0.9995,0.0245
PLT01,PLT01-L2,2026-10-19,S1,480,0,1.0000,0.0229,0.9994,0.0229
PLT01,PLT01-L2,2026-10-19,S2,480,0,1.0000,0.0234,0.9993,0.0234
PLT01,PLT01-L2,2026-10-19,S3,480,0,1.0000,0.0243,0.9992,0.0243
PLT01,PLT01-L2,2026-10-20,S1,480,0,1.0000,0.0204,0.9994,0.0204
PLT01,PLT01-L2,2026-10-20,S2,480,98,0.7958,0.0297,0.9993,0.0236
PLT01,PLT01-L2,2026-10-20,S3,480,0,1.0000,0.0237,0.9995,0.0237
PLT01,PLT01-L2,2026-10-21,S1,480,0,1.0000,0.0232,0.9994,0.0232
PLT01,PLT01-L2,2026-10-21,S2,480,0,1.0000,0.0229,0.9995,0.0229
PLT01,PLT01-L2,2026-10-21,S3,480,37,0.9229,0.0249,0.9994,0.0230
PLT01,PLT01-L2,2026-10-22,S1,480,100,0.7917,0.0307,0.9994,0.0243
PLT01,PLT01-L2,2026-10-22,S2,480,45,0.9063,0.0267,0.9993,0.0242
PLT01,PLT01-L2,2026-10-22,S3,480,0,1.0000,0.0258,0.9994,0.0258
PLT01,PLT01-L2,2026-10-23,S1,480,40,0.9167,0.0261,0.9994,0.0239
PLT01,PLT01-L2,2026-10-23,S2,480,0,1.0000,0.0224,0.9995,0.0224
PLT01,PLT01-L2,2026-10-23,S3,480,0,1.0000,0.0224,0.9992,0.0224
PLT01,PLT01-L2,2026-10-24,S1,480,127,0.7354,0.0324,0.9993,0.0238
PLT01,PLT01-L2,2026-10-24,S2,480,0,1.0000,0.0238,0.9994,0.0238
PLT01,PLT01-L2,2026-10-24,S3,480,55,0.8854,0.0272,0.9995,0.0241
PLT01,PLT01-L2,2026-10-25,S1,480,0,1.0000,0.0241,0.9993,0.0241
PLT01,PLT01-L2,2026-10-25,S2,480,0,1.0000,0.0222,0.9992,0.0222
PLT01,PLT01-L2,2026-10-25,S3,480,0,1.0000,0.0223,0.9995,0.0223
PLT01,PLT01-L2,2026-10-26,S1,480,1,0.9979,0.0238,0.9994,0.0238
PLT01,PLT01-L2,2026-10-26,S2,480,0,1.0000,0.0229,0.9993,0.0229
PLT01,PLT01-L2,2026-10-26,S3,480,19,0.9604,0.0237,0.9993,0.0227
PLT01,PLT01-L2,2026-10-27,S1,480,0,1.0000,0.0245,0.9994,0.0245
PLT01,PLT01-L2,2026-10-27,S2,480,0,1.0000,0.0232,0.9993,0.0231
PLT01,PLT01-L2,2026-10-27,S3,480,0,1.0000,0.0217,0.9994,0.0217
PLT01,PLT01-L2,2026-10-28,S1,480,0,1.0000,0.0230,0.9993,0.0230
PLT01,PLT01-L2,2026-10-28,S2,480,0,1.0000,0.0236,0.9995,0.0236
PLT01,PLT01-L2,2026-10-28,S3,480,20,0.9583,0.0249,0.9992,0.0239
PLT01,PLT01-L2,2026-10-29,S1,480,0,1.0000,0.0228,0.9992,0.0228
PLT01,PLT01-L2,2026-10-29,S2,480,0,1.0000,0.0235,0.9995,0.0235
PLT01,PLT01-L2,2026-10-29,S3,480,0,1.0000,0.0231,0.9992,0.0231
PLT01,PLT01-L2,2026-10-30,S1,480,0,1.0000,0.0227,0.9993,0.0227
PLT01,PLT01-L2,2026-10-30,S2,480,88,0.8167,0.0273,0.9994,0.0223
PLT01,PLT01-L2,2026-10-30,S3,480,3,0.9938,0.0223,0.9994,0.0221
PLT01,PLT01-L2,2026-10-31,S1,480,0,1.0000,0.0229,0.9995,0.0229
PLT01,PLT01-L2,2026-10-31,S2,480,0,1.0000,0.0231,0.9993,0.0231
PLT01,PLT01-L2,2026-10-31,S3,540,0,1.0000,0.0207,0.9995,0.0207
PLT01,PLT01-L2,2026-11-01,S1,480,10,0.9792,0.0235,0.9993,0.0230
PLT01,PLT01-L2,2026-11-01,S2,480,48,0.9000,0.0264,0.9994,0.0238
PLT01,PLT01-L2,2026-11-01,S3,480,0,1.0000,0.0233,0.9993,0.0232
PLT01,PLT01-L2,2026-11-02,S1,480,0,1.0000,0.0239,0.9995,0.0239
PLT01,PLT01-L2,2026-11-02,S2,480,0,1.0000,0.0240,0.9992,0.0240
PLT01,PLT01-L2,2026-11-02,S3,480,35,0.9271,0.0262,0.9993,0.0242
PLT01,PLT01-L2,2026-11-03,S1,480,0,1.0000,0.0233,0.9995,0.0233
PLT01,PLT01-L2,2026-11-03,S2,480,0,1.0000,0.0250,0.9995,0.0250
PLT01,PLT01-L2,2026-11-03,S3,480,0,1.0000,0.0245,0.9994,0.0245
PLT01,PLT01-L2,2026-11-04,S1,480,0,1.0000,0.0232,0.9993,0.0232
PLT01,PLT01-L2,2026-11-04,S2,480,0,1.0000,0.0227,0.9993,0.0227
PLT01,PLT01-L2,2026-11-04,S3,480,0,1.0000,0.0236,0.9995,0.0236
PLT01,PLT01-L2,2026-11-05,S1,480,0,1.0000,0.0242,0.9991,0.0242
PLT01,PLT01-L2,2026-11-05,S2,480,0,1.0000,0.0250,0.9994,0.0250
PLT01,PLT01-L2,2026-11-05,S3,480,0,1.0000,0.0217,0.9992,0.0216
PLT01,PLT01-L2,2026-11-06,S1,480,0,1.0000,0.0232,0.9995,0.0232
PLT01,PLT01-L2,2026-11-06,S2,480,0,1.0000,0.0227,0.9994,0.0227
PLT01,PLT01-L2,2026-11-06,S3,480,130,0.7292,0.0322,0.9992,0.0235
PLT01,PLT01-L2,2026-11-07,S1,480,0,1.0000,0.0219,0.9992,0.0219
PLT01,PLT01-L2,2026-11-07,S2,480,0,1.0000,0.0239,0.9995,0.0239
PLT01,PLT01-L2,2026-11-07,S3,480,0,1.0000,0.0231,0.9994,0.0231
PLT01,PLT01-L2,2026-11-08,S1,480,59,0.8771,0.0270,0.9995,0.0236
PLT01,PLT01-L2,2026-11-08,S2,480,0,1.0000,0.0243,0.9993,0.0242
PLT01,PLT01-L2,2026-11-08,S3,480,0,1.0000,0.0242,0.9995,0.0242
PLT01,PLT01-L2,2026-11-09,S1,480,0,1.0000,0.0240,0.9993,0.0240
PLT01,PLT01-L2,2026-11-09,S2,480,0,1.0000,0.0254,0.9995,0.0254
PLT01,PLT01-L2,2026-11-09,S3,480,0,1.0000,0.0236,0.9995,0.0236
PLT01,PLT01-L2,2026-11-10,S1,480,0,1.0000,0.0245,0.9994,0.0245
PLT01,PLT01-L2,2026-11-10,S2,480,67,0.8604,0.0270,0.9993,0.0232
PLT01,PLT01-L2,2026-11-10,S3,480,0,1.0000,0.0220,0.9994,0.0220
PLT01,PLT01-L2,2026-11-11,S1,480,0,1.0000,0.0239,0.9995,0.0239
PLT01,PLT01-L2,2026-11-11,S2,480,0,1.0000,0.0238,0.9994,0.0238
PLT01,PLT01-L2,2026-11-11,S3,480,103,0.7854,0.0310,0.9994,0.0243
PLT01,PLT01-L2,2026-11-12,S1,480,0,1.0000,0.0238,0.9994,0.0237
PLT01,PLT01-L2,2026-11-12,S2,480,0,1.0000,0.0255,0.9995,0.0255
PLT01,PLT01-L2,2026-11-12,S3,480,0,1.0000,0.0214,0.9994,0.0214
PLT01,PLT01-L2,2026-11-13,S1,480,0,1.0000,0.0244,0.9995,0.0244
PLT01,PLT01-L2,2026-11-13,S2,480,0,1.0000,0.0225,0.9994,0.0225
PLT01,PLT01-L2,2026-11-13,S3,480,12,0.9750,0.0239,0.9994,0.0232
PLT01,PLT01-L2,2026-11-14,S1,480,0,1.0000,0.0232,0.9993,0.0232
PLT01,PLT01-L2,2026-11-14,S2,480,0,1.0000,0.0251,0.9995,0.0250
PLT01,PLT01-L2,2026-11-14,S3,480,0,1.0000,0.0249,0.9993,0.0249
PLT01,PLT01-L2,2026-11-15,S1,480,0,1.0000,0.0239,0.9994,0.0239
PLT01,PLT01-L2,2026-11-15,S2,480,0,1.0000,0.0235,0.9994,0.0235
PLT01,PLT01-L2,2026-11-15,S3,480,0,1.0000,0.0216,0.9992,0.0216
PLT01,PLT01-L3,2026-10-19,S1,480,0,1.0000,0.0247,0.9993,0.0247
PLT01,PLT01-L3,2026-10-19,S2,480,0,1.0000,0.0230,0.9992,0.0230
PLT01,PLT01-L3,2026-10-19,S3,480,0,1.0000,0.0258,0.9992,0.0257
PLT01,PLT01-L3,2026-10-20,S1,480,0,1.0000,0.0233,0.9992,0.0233
PLT01,PLT01-L3,2026-10-20,S2,480,113,0.7646,0.0308,0.9993,0.0235
PLT01,PLT01-L3,2026-10-20,S3,480,0,1.0000,0.0240,0.9993,0.0240
PLT01,PLT01-L3,2026-10-21,S1,480,0,1.0000,0.0224,0.9992,0.0224
PLT01,PLT01-L3,2026-10-21,S2,480,0,1.0000,0.0240,0.9994,0.0240
PLT01,PLT01-L3,2026-10-21,S3,480,0,1.0000,0.0238,0.9990,0.0238
PLT01,PLT01-L3,2026-10-22,S1,480,39,0.9188,0.0255,0.9992,0.0234
PLT01,PLT01-L3,2026-10-22,S2,480,45,0.9063,0.0251,0.9992,0.0227
PLT01,PLT01-L3,2026-10-22,S3,480,0,1.0000,0.0228,0.9992,0.0228
PLT01,PLT01-L3,2026-10-23,S1,480,0,1.0000,0.0241,0.9994,0.0241
PLT01,PLT01-L3,2026-10-23,S2,480,0,1.0000,0.0235,0.9994,0.0235
PLT01,PLT01-L3,2026-10-23,S3,480,0,1.0000,0.0237,0.9992,0.0236
PLT01,PLT01-L3,2026-10-24,S1,480,0,1.0000,0.0233,0.9993,0.0233
PLT01,PLT01-L3,2026-10-24,S2,480,0,1.0000,0.0238,0.9993,0.0237
PLT01,PLT01-L3,2026-10-24,S3,480,55,0.8854,0.0270,0.9994,0.0239
PLT01,PLT01-L3,2026-10-25,S1,480,0,1.0000,0.0238,0.9993,0.0238
PLT01,PLT01-L3,2026-10-25,S2,480,0,1.0000,0.0244,0.9992,0.0244
PLT01,PLT01-L3,2026-10-25,S3,480,34,0.9292,0.0254,0.9993,0.0236
PLT01,PLT01-L3,2026-10-26,S1,480,1,0.9979,0.0239,0.9993,0.0238
PLT01,PLT01-L3,2026-10-26,S2,480,0,1.0000,0.0221,0.9994,0.0221
PLT01,PLT01-L3,2026-10-26,S3,480,0,1.0000,0.0238,0.9992,0.0238
PLT01,PLT01-L3,2026-10-27,S1,480,0,1.0000,0.0232,0.9992,0.0231
PLT01,PLT01-L3,2026-10-27,S2,480,0,1.0000,0.0238,0.9992,0.0238
PLT01,PLT01-L3,2026-10-27,S3,480,0,1.0000,0.0251,0.9995,0.0251
PLT01,PLT01-L3,2026-10-28,S1,480,0,1.0000,0.0232,0.9994,0.0232
PLT01,PLT01-L3,2026-10-28,S2,480,0,1.0000,0.0230,0.9993,0.0230
PLT01,PLT01-L3,2026-10-28,S3,480,0,1.0000,0.0234,0.9993,0.0233
PLT01,PLT01-L3,2026-10-29,S1,480,0,1.0000,0.0242,0.9992,0.0242
PLT01,PLT01-L3,2026-10-29,S2,480,0,1.0000,0.0238,0.9994,0.0238
PLT01,PLT01-L3,2026-10-29,S3,480,16,0.9667,0.0243,0.9990,0.0235
PLT01,PLT01-L3,2026-10-30,S1,480,0,1.0000,0.0232,0.9993,0.0232
PLT01,PLT01-L3,2026-10-30,S2,480,29,0.9396,0.0234,0.9995,0.0220
PLT01,PLT01-L3,2026-10-30,S3,480,0,1.0000,0.0242,0.9993,0.0242
PLT01,PLT01-L3,2026-10-31,S1,480,90,0.8125,0.0304,0.9993,0.0247
PLT01,PLT01-L3,2026-10-31,S2,480,0,1.0000,0.0245,0.9992,0.0244
PLT01,PLT01-L3,2026-10-31,S3,540,0,1.0000,0.0210,0.9992,0.0210
PLT01,PLT01-L3,2026-11-01,S1,480,0,1.0000,0.0222,0.9992,0.0222
PLT01,PLT01-L3,2026-11-01,S2,480,0,1.0000,0.0242,0.9992,0.0242
PLT01,PLT01-L3,2026-11-01,S3,480,0,1.0000,0.0237,0.9991,0.0236
PLT01,PLT01-L3,2026-11-02,S1,480,0,1.0000,0.0237,0.9993,0.0237
PLT01,PLT01-L3,2026-11-02,S2,480,0,1.0000,0.0238,0.9992,0.0237
PLT01,PLT01-L3,2026-11-02,S3,480,0,1.0000,0.0233,0.9993,0.0233
PLT01,PLT01-L3,2026-11-03,S1,480,0,1.0000,0.0234,0.9993,0.0234
PLT01,PLT01-L3,2026-11-03,S2,480,0,1.0000,0.0228,0.9993,0.0228
PLT01,PLT01-L3,2026-11-03,S3,480,25,0.9479,0.0259,0.9992,0.0245
PLT01,PLT01-L3,2026-11-04,S1,480,84,0.8250,0.0295,0.9992,0.0243
PLT01,PLT01-L3,2026-11-04,S2,480,0,1.0000,0.0229,0.9993,0.0229
PLT01,PLT01-L3,2026-11-04,S3,480,0,1.0000,0.0235,0.9992,0.0235
PLT01,PLT01-L3,2026-11-05,S1,480,0,1.0000,0.0237,0.9993,0.0237
PLT01,PLT01-L3,2026-11-05,S2,480,87,0.8188,0.0301,0.9993,0.0246
PLT01,PLT01-L3,2026-11-05,S3,480,0,1.0000,0.0236,0.9993,0.0236
PLT01,PLT01-L3,2026-11-06,S1,480,0,1.0000,0.0234,0.9993,0.0234
PLT01,PLT01-L3,2026-11-06,S2,480,0,1.0000,0.0236,0.9992,0.0236
PLT01,PLT01-L3,2026-11-06,S3,480,0,1.0000,0.0226,0.9992,0.0226
PLT01,PLT01-L3,2026-11-07,S1,480,0,1.0000,0.0231,0.9994,0.0231
PLT01,PLT01-L3,2026-11-07,S2,480,0,1.0000,0.0243,0.9994,0.0243
PLT01,PLT01-L3,2026-11-07,S3,480,0,1.0000,0.0246,0.9995,0.0246
PLT01,PLT01-L3,2026-11-08,S1,480,0,1.0000,0.0237,0.9993,0.0237
PLT01,PLT01-L3,2026-11-08,S2,480,0,1.0000,0.0235,0.9991,0.0234
PLT01,PLT01-L3,2026-11-08,S3,480,0,1.0000,0.0249,0.9993,0.0249
PLT01,PLT01-L3,2026-11-09,S1,480,0,1.0000,0.0237,0.9993,0.0237
PLT01,PLT01-L3,2026-11-09,S2,480,0,1.0000,0.0232,0.9992,0.0232
PLT01,PLT01-L3,2026-11-09,S3,480,0,1.0000,0.0240,0.9993,0.0240
PLT01,PLT01-L3,2026-11-10,S1,480,0,1.0000,0.0221,0.9992,0.0221
PLT01,PLT01-L3,2026-11-10,S2,480,0,1.0000,0.0244,0.9993,0.0243
PLT01,PLT01-L3,2026-11-10,S3,480,0,1.0000,0.0248,0.9991,0.0248
PLT01,PLT01-L3,2026-11-11,S1,480,0,1.0000,0.0234,0.9995,0.0234
PLT01,PLT01-L3,2026-11-11,S2,480,0,1.0000,0.0238,0.9992,0.0238
PLT01,PLT01-L3,2026-11-11,S3,480,38,0.9208,0.0250,0.9991,0.0230
PLT01,PLT01-L3,2026-11-12,S1,480,0,1.0000,0.0245,0.9995,0.0245
PLT01,PLT01-L3,2026-11-12,S2,480,0,1.0000,0.0228,0.9992,0.0227
PLT01,PLT01-L3,2026-11-12,S3,480,140,0.7083,0.0332,0.9992,0.0235
PLT01,PLT01-L3,2026-11-13,S1,480,13,0.9729,0.0228,0.9992,0.0222
PLT01,PLT01-L3,2026-11-13,S2,480,93,0.8063,0.0298,0.9993,0.0240
PLT01,PLT01-L3,2026-11-13,S3,480,0,1.0000,0.0229,0.9991,0.0229
PLT01,PLT01-L3,2026-11-14,S1,480,9,0.9813,0.0233,0.9995,0.0228
PLT01,PLT01-L3,2026-11-14,S2,480,0,1.0000,0.0235,0.9992,0.0235
PLT01,PLT01-L3,2026-11-14,S3,480,0,1.0000,0.0245,0.9994,0.0245
PLT01,PLT01-L3,2026-11-15,S1,480,0,1.0000,0.0232,0.9992,0.0232
PLT01,PLT01-L3,2026-11-15,S2,480,0,1.0000,0.0226,0.9993,0.0225
PLT01,PLT01-L3,2026-11-15,S3,480,0,1.0000,0.0238,0.9994,0.0238
PLT01,PLT01-L4,2026-10-19,S1,480,44,0.9083,0.0277,0.9994,0.0251
PLT01,PLT01-L4,2026-10-19,S2,480,0,1.0000,0.0231,0.9993,0.0231
PLT01,PLT01-L4,2026-10-19,S3,480,0,1.0000,0.0240,0.9993,0.0239
PLT01,PLT01-L4,2026-10-20,S1,480,134,0.7208,0.0333,0.9993,0.0240
PLT01,PLT01-L4,2026-10-20,S2,480,0,1.0000,0.0235,0.9994,0.0235
PLT01,PLT01-L4,2026-10-20,S3,480,0,1.0000,0.0238,0.9993,0.0238
PLT01,PLT01-L4,2026-10-21,S1,480,0,1.0000,0.0244,0.9995,0.0244
PLT01,PLT01-L4,2026-10-21,S2,480,0,1.0000,0.0255,0.9994,0.0255
PLT01,PLT01-L4,2026-10-21,S3,480,0,1.0000,0.0245,0.9993,0.0245
PLT01,PLT01-L4,2026-10-22,S1,480,30,0.9375,0.0267,0.9993,0.0250
PLT01,PLT01-L4,2026-10-22,S2,480,59,0.8771,0.0261,0.9994,0.0228
PLT01,PLT01-L4,2026-10-22,S3,480,0,1.0000,0.0223,0.9993,0.0223
PLT01,PLT01-L4,2026-10-23,S1,480,0,1.0000,0.0239,0.9992,0.0239
PLT01,PLT01-L4,2026-10-23,S2,480,0,1.0000,0.0230,0.9993,0.0230
PLT01,PLT01-L4,2026-10-23,S3,480,97,0.7979,0.0275,0.9993,0.0219
PLT01,PLT01-L4,2026-10-24,S1,480,0,1.0000,0.0238,0.9994,0.0238
PLT01,PLT01-L4,2026-10-24,S2,480,0,1.0000,0.0230,0.9994,0.0230
PLT01,PLT01-L4,2026-10-24,S3,480,55,0.8854,0.0272,0.9995,0.0240
PLT01,PLT01-L4,2026-10-25,S1,480,52,0.8917,0.0264,0.9992,0.0235
PLT01,PLT01-L4,2026-10-25,S2,480,0,1.0000,0.0220,0.9994,0.0220
PLT01,PLT01-L4,2026-10-25,S3,480,0,1.0000,0.0241,0.9992,0.0240
PLT01,PLT01-L4,2026-10-26,S1,480,1,0.9979,0.0227,0.9993,0.0226
PLT01,PLT01-L4,2026-10-26,S2,480,0,1.0000,0.0245,0.9997,0.0245
PLT01,PLT01-L4,2026-10-26,S3,480,0,1.0000,0.0233,0.9992,0.0233
PLT01,PLT01-L4,2026-10-27,S1,480,0,1.0000,0.0256,0.9994,0.0256
PLT01,PLT01-L4,2026-10-27,S2,480,0,1.0000,0.0245,0.9993,0.0245
PLT01,PLT01-L4,2026-10-27,S3,480,0,1.0000,0.0230,0.9994,0.0230
PLT01,PLT01-L4,2026-10-28,S1,480,0,1.0000,0.0235,0.9993,0.0235
PLT01,PLT01-L4,2026-10-28,S2,480,0,1.0000,0.0241,0.9994,0.0240
PLT01,PLT01-L4,2026-10-28,S3,480,0,1.0000,0.0237,0.9993,0.0236
PLT01,PLT01-L4,2026-10-29,S1,480,123,0.7438,0.0326,0.9994,0.0243
PLT01,PLT01-L4,2026-10-29,S2,480,0,1.0000,0.0234,0.9995,0.0234
PLT01,PLT01-L4,2026-10-29,S3,480,0,1.0000,0.0236,0.9993,0.0236
PLT01,PLT01-L4,2026-10-30,S1,480,0,1.0000,0.0230,0.9991,0.0230
PLT01,PLT01-L4,2026-10-30,S2,480,68,0.8583,0.0263,0.9994,0.0225
PLT01,PLT01-L4,2026-10-30,S3,480,0,1.0000,0.0234,0.9994,0.0234
PLT01,PLT01-L4,2026-10-31,S1,480,0,1.0000,0.0237,0.9994,0.0237
PLT01,PLT01-L4,2026-10-31,S2,480,0,1.0000,0.0229,0.9992,0.0229
PLT01,PLT01-L4,2026-10-31,S3,540,0,1.0000,0.0212,0.9994,0.0212
PLT01,PLT01-L4,2026-11-01,S1,480,64,0.8667,0.0253,0.9994,0.0219
PLT01,PLT01-L4,2026-11-01,S2,480,72,0.8500,0.0281,0.9993,0.0238
PLT01,PLT01-L4,2026-11-01,S3,480,0,1.0000,0.0235,0.9992,0.0235
PLT01,PLT01-L4,2026-11-02,S1,480,0,1.0000,0.0218,0.9992,0.0218
PLT01,PLT01-L4,2026-11-02,S2,480,0,1.0000,0.0230,0.9995,0.0230
PLT01,PLT01-L4,2026-11-02,S3,480,65,0.8646,0.0265,0.9992,0.0229
PLT01,PLT01-L4,2026-11-03,S1,480,0,1.0000,0.0237,0.9993,0.0237
PLT01,PLT01-L4,2026-11-03,S2,480,0,1.0000,0.0250,0.9993,0.0250
PLT01,PLT01-L4,2026-11-03,S3,480,0,1.0000,0.0228,0.9995,0.0228
PLT01,PLT01-L4,2026-11-04,S1,480,0,1.0000,0.0253,0.9995,0.0252
PLT01,PLT01-L4,2026-11-04,S2,480,0,1.0000,0.0240,0.9994,0.0240
PLT01,PLT01-L4,2026-11-04,S3,480,0,1.0000,0.0251,0.9994,0.0251
PLT01,PLT01-L4,2026-11-05,S1,480,0,1.0000,0.0233,0.9993,0.0233
PLT01,PLT01-L4,2026-11-05,S2,480,0,1.0000,0.0229,0.9993,0.0229
PLT01,PLT01-L4,2026-11-05,S3,480,40,0.9167,0.0257,0.9993,0.0236
PLT01,PLT01-L4,2026-11-06,S1,480,0,1.0000,0.0242,0.9993,0.0242
PLT01,PLT01-L4,2026-11-06,S2,480,26,0.9458,0.0236,0.9993,0.0223
PLT01,PLT01-L4,2026-11-06,S3,480,0,1.0000,0.0238,0.9993,0.0238
PLT01,PLT01-L4,2026-11-07,S1,480,0,1.0000,0.0248,0.9993,0.0247
PLT01,PLT01-L4,2026-11-07,S2,480,0,1.0000,0.0240,0.9994,0.0239
PLT01,PLT01-L4,2026-11-07,S3,480,0,1.0000,0.0236,0.9993,0.0236
PLT01,PLT01-L4,2026-11-08,S1,480,0,1.0000,0.0250,0.9995,0.0250
PLT01,PLT01-L4,2026-11-08,S2,480,0,1.0000,0.0251,0.9993,0.0251
PLT01,PLT01-L4,2026-11-08,S3,480,0,1.0000,0.0232,0.9994,0.0232
PLT01,PLT01-L4,2026-11-09,S1,480,0,1.0000,0.0247,0.9992,0.0247
PLT01,PLT01-L4,2026-11-09,S2,480,0,1.0000,0.0236,0.9993,0.0236
PLT01,PLT01-L4,2026-11-09,S3,480,0,1.0000,0.0225,0.9995,0.0225
PLT01,PLT01-L4,2026-11-10,S1,480,0,1.0000,0.0235,0.9994,0.0235
PLT01,PLT01-L4,2026-11-10,S2,480,0,1.0000,0.0229,0.9992,0.0229
PLT01,PLT01-L4,2026-11-10,S3,480,0,1.0000,0.0232,0.9994,0.0231
PLT01,PLT01-L4,2026-11-11,S1,480,0,1.0000,0.0242,0.9994,0.0242
PLT01,PLT01-L4,2026-11-11,S2,480,106,0.7792,0.0292,0.9994,0.0228
PLT01,PLT01-L4,2026-11-11,S3,480,0,1.0000,0.0236,0.9993,0.0236
PLT01,PLT01-L4,2026-11-12,S1,480,0,1.0000,0.0249,0.9993,0.0249
PLT01,PLT01-L4,2026-11-12,S2,480,0,1.0000,0.0233,0.9994,0.0233
PLT01,PLT01-L4,2026-11-12,S3,480,0,1.0000,0.0240,0.9992,0.0240
PLT01,PLT01-L4,2026-11-13,S1,480,0,1.0000,0.0253,0.9993,0.0253
PLT01,PLT01-L4,2026-11-13,S2,480,0,1.0000,0.0234,0.9994,0.0234
PLT01,PLT01-L4,2026-11-13,S3,480,0,1.0000,0.0225,0.9993,0.0225
PLT01,PLT01-L4,2026-11-14,S1,480,0,1.0000,0.0222,0.9994,0.0222
PLT01,PLT01-L4,2026-11-14,S2,480,0,1.0000,0.0234,0.9993,0.0234
PLT01,PLT01-L4,2026-11-14,S3,480,109,0.7729,0.0317,0.9994,0.0244
PLT01,PLT01-L4,2026-11-15,S1,480,47,0.9021,0.0267,0.9995,0.0241
PLT01,PLT01-L4,2026-11-15,S2,480,0,1.0000,0.0236,0.9995,0.0236
PLT01,PLT01-L4,2026-11-15,S3,480,0,1.0000,0.0235,0.9992,0.0234
PLT02,PLT02-L1,2026-10-19,S1,480,0,1.0000,0.0235,0.9990,0.0234
PLT02,PLT02-L1,2026-10-19,S2,480,0,1.0000,0.0234,0.9994,0.0234
PLT02,PLT02-L1,2026-10-19,S3,480,0,1.0000,0.0239,0.9993,0.0239
PLT02,PLT02-L1,2026-10-20,S1,480,0,1.0000,0.0233,0.9992,0.0233
PLT02,PLT02-L1,2026-10-20,S2,480,0,1.0000,0.0229,0.9992,0.0229
PLT02,PLT02-L1,2026-10-20,S3,480,0,1.0000,0.0245,0.9994,0.0245
PLT02,PLT02-L1,2026-10-21,S1,480,0,1.0000,0.0234,0.9994,0.0234
PLT02,PLT02-L1,2026-10-21,S2,480,0,1.0000,0.0238,0.9993,0.0238
PLT02,PLT02-L1,2026-10-21,S3,480,0,1.0000,0.0224,0.9992,0.0224
PLT02,PLT02-L1,2026-10-22,S1,480,30,0.9375,0.0258,0.9992,0.0242
PLT02,PLT02-L1,2026-10-22,S2,480,58,0.8792,0.0258,0.9991,0.0226
PLT02,PLT02-L1,2026-10-22,S3,480,0,1.0000,0.0230,0.9993,0.0230
PLT02,PLT02-L1,2026-10-23,S1,480,0,1.0000,0.0258,0.9993,0.0257
PLT02,PLT02-L1,2026-10-23,S2,480,24,0.9500,0.0265,0.9995,0.0252
PLT02,PLT02-L1,2026-10-23,S3,480,0,1.0000,0.0234,0.9994,0.0234
PLT02,PLT02-L1,2026-10-24,S1,480,71,0.8521,0.0285,0.9993,0.0243
PLT02,PLT02-L1,2026-10-24,S2,480,0,1.0000,0.0244,0.9993,0.0243
PLT02,PLT02-L1,2026-10-24,S3,480,55,0.8854,0.0274,0.9993,0.0242
PLT02,PLT02-L1,2026-10-25,S1,480,0,1.0000,0.0232,0.9993,0.0231
PLT02,PLT02-L1,2026-10-25,S2,480,0,1.0000,0.0237,0.9995,0.0237
PLT02,PLT02-L1,2026-10-25,S3,480,0,1.0000,0.0233,0.9995,0.0233
PLT02,PLT02-L1,2026-10-26,S1,480,1,0.9979,0.0233,0.9993,0.0232
PLT02,PLT02-L1,2026-10-26,S2,480,0,1.0000,0.0239,0.9992,0.0239
PLT02,PLT02-L1,2026-10-26,S3,480,0,1.0000,0.0228,0.9991,0.0228
PLT02,PLT02-L1,2026-10-27,S1,480,79,0.8354,0.0268,0.9992,0.0224
PLT02,PLT02-L1,2026-10-27,S2,480,0,1.0000,0.0242,0.9994,0.0242
PLT02,PLT02-L1,2026-10-27,S3,480,0,1.0000,0.0221,0.9992,0.0220
PLT02,PLT02-L1,2026-10-28,S1,480,0,1.0000,0.0252,0.9995,0.0252
PLT02,PLT02-L1,2026-10-28,S2,480,132,0.7250,0.0323,0.9993,0.0234
PLT02,PLT02-L1,2026-10-28,S3,480,0,1.0000,0.0236,0.9992,0.0236
PLT02,PLT02-L1,2026-10-29,S1,480,0,1.0000,0.0249,0.9993,0.0249
PLT02,PLT02-L1,2026-10-29,S2,480,0,1.0000,0.0241,0.9993,0.0241
PLT02,PLT02-L1,2026-10-29,S3,480,115,0.7604,0.0314,0.9993,0.0239
PLT02,PLT02-L1,2026-10-30,S1,480,0,1.0000,0.0245,0.9993,0.0245
PLT02,PLT02-L1,2026-10-30,S2,480,0,1.0000,0.0229,0.9992,0.0229
PLT02,PLT02-L1,2026-10-30,S3,480,0,1.0000,0.0245,0.9993,0.0245
PLT02,PLT02-L1,2026-10-31,S1,480,0,1.0000,0.0236,0.9992,0.0236
PLT02,PLT02-L1,2026-10-31,S2,480,0,1.0000,0.0221,0.9991,0.0221
PLT02,PLT02-L1,2026-10-31,S3,540,90,0.8333,0.0262,0.9993,0.0218
PLT02,PLT02-L1,2026-11-01,S1,480,0,1.0000,0.0214,0.9993,0.0213
PLT02,PLT02-L1,2026-11-01,S2,480,0,1.0000,0.0220,0.9992,0.0219
PLT02,PLT02-L1,2026-11-01,S3,480,140,0.7083,0.0343,0.9994,0.0243
PLT02,PLT02-L1,2026-11-02,S1,480,0,1.0000,0.0251,0.9992,0.0251
PLT02,PLT02-L1,2026-11-02,S2,480,0,1.0000,0.0250,0.9993,0.0250
PLT02,PLT02-L1,2026-11-02,S3,480,0,1.0000,0.0229,0.9994,0.0229
PLT02,PLT02-L1,2026-11-03,S1,480,0,1.0000,0.0243,0.9992,0.0243
PLT02,PLT02-L1,2026-11-03,S2,480,0,1.0000,0.0237,0.9993,0.0237
PLT02,PLT02-L1,2026-11-03,S3,480,0,1.0000,0.0225,0.9992,0.0225
PLT02,PLT02-L1,2026-11-04,S1,480,65,0.8646,0.0263,0.9993,0.0227
PLT02,PLT02-L1,2026-11-04,S2,480,0,1.0000,0.0243,0.9993,0.0243
PLT02,PLT02-L1,2026-11-04,S3,480,0,1.0000,0.0234,0.9993,0.0233
PLT02,PLT02-L1,2026-11-05,S1,480,0,1.0000,0.0240,0.9992,0.0240
PLT02,PLT02-L1,2026-11-05,S2,480,0,1.0000,0.0231,0.9992,0.0231
PLT02,PLT02-L1,2026-11-05,S3,480,92,0.8083,0.0294,0.9992,0.0238
PLT02,PLT02-L1,2026-11-06,S1,480,12,0.9750,0.0240,0.9991,0.0234
PLT02,PLT02-L1,2026-11-06,S2,480,0,1.0000,0.0240,0.9992,0.0239
PLT02,PLT02-L1,2026-11-06,S3,480,0,1.0000,0.0236,0.9991,0.0236
PLT02,PLT02-L1,2026-11-07,S1,480,28,0.9417,0.0259,0.9994,0.0243
PLT02,PLT02-L1,2026-11-07,S2,480,0,1.0000,0.0234,0.9993,0.0234
PLT02,PLT02-L1,2026-11-07,S3,480,0,1.0000,0.0218,0.9993,0.0218
PLT02,PLT02-L1,2026-11-08,S1,480,0,1.0000,0.0230,0.9993,0.0230
PLT02,PLT02-L1,2026-11-08,S2,480,0,1.0000,0.0242,0.9993,0.0242
PLT02,PLT02-L1,2026-11-08,S3,480,20,0.9583,0.0238,0.9994,0.0228
PLT02,PLT02-L1,2026-11-09,S1,480,0,1.0000,0.0242,0.9996,0.0242
PLT02,PLT02-L1,2026-11-09,S2,480,136,0.7167,0.0317,0.9993,0.0227
PLT02,PLT02-L1,2026-11-09,S3,480,0,1.0000,0.0229,0.9993,0.0229
PLT02,PLT02-L1,2026-11-10,S1,480,45,0.9063,0.0272,0.9994,0.0246
PLT02,PLT02-L1,2026-11-10,S2,480,7,0.9854,0.0235,0.9991,0.0231
PLT02,PLT02-L1,2026-11-10,S3,480,0,1.0000,0.0250,0.9993,0.0250
PLT02,PLT02-L1,2026-11-11,S1,480,0,1.0000,0.0242,0.9992,0.0242
PLT02,PLT02-L1,2026-11-11,S2,480,131,0.7271,0.0305,0.9995,0.0221
PLT02,PLT02-L1,2026-11-11,S3,480,0,1.0000,0.0231,0.9994,0.0231
PLT02,PLT02-L1,2026-11-12,S1,480,0,1.0000,0.0236,0.9991,0.0236
PLT02,PLT02-L1,2026-11-12,S2,480,65,0.8646,0.0271,0.9993,0.0234
PLT02,PLT02-L1,2026-11-12,S3,480,0,1.0000,0.0244,0.9994,0.0244
PLT02,PLT02-L1,2026-11-13,S1,480,0,1.0000,0.0252,0.9993,0.0252
PLT02,PLT02-L1,2026-11-13,S2,480,0,1.0000,0.0237,0.9994,0.0237
PLT02,PLT02-L1,2026-11-13,S3,480,0,1.0000,0.0244,0.9993,0.0244
PLT02,PLT02-L1,2026-11-14,S1,480,0,1.0000,0.0249,0.9994,0.0248
PLT02,PLT02-L1,2026-11-14,S2,480,0,1.0000,0.0215,0.9993,0.0215
PLT02,PLT02-L1,2026-11-14,S3,480,0,1.0000,0.0240,0.9993,0.0240
PLT02,PLT02-L1,2026-11-15,S1,480,0,1.0000,0.0224,0.9994,0.0224
PLT02,PLT02-L1,2026-11-15,S2,480,0,1.0000,0.0235,0.9993,0.0234
PLT02,PLT02-L1,2026-11-15,S3,480,0,1.0000,0.0232,0.9993,0.0232
PLT02,PLT02-L2,2026-10-19,S1,480,0,1.0000,0.0225,0.9993,0.0225
PLT02,PLT02-L2,2026-10-19,S2,480,0,1.0000,0.0237,0.9994,0.0237
PLT02,PLT02-L2,2026-10-19,S3,480,60,0.8750,0.0259,0.9991,0.0226
PLT02,PLT02-L2,2026-10-20,S1,480,0,1.0000,0.0240,0.9994,0.0240
PLT02,PLT02-L2,2026-10-20,S2,480,0,1.0000,0.0228,0.9993,0.0228
PLT02,PLT02-L2,2026-10-20,S3,480,0,1.0000,0.0240,0.9991,0.0240
PLT02,PLT02-L2,2026-10-21,S1,480,102,0.7875,0.0306,0.9994,0.0241
PLT02,PLT02-L2,2026-10-21,S2,480,0,1.0000,0.0247,0.9992,0.0247
PLT02,PLT02-L2,2026-10-21,S3,480,0,1.0000,0.0238,0.9994,0.0237
PLT02,PLT02-L2,2026-10-22,S1,480,30,0.9375,0.0257,0.9992,0.0241
PLT02,PLT02-L2,2026-10-22,S2,480,45,0.9063,0.0251,0.9992,0.0227
PLT02,PLT02-L2,2026-10-22,S3,480,0,1.0000,0.0230,0.9991,0.0230
PLT02,PLT02-L2,2026-10-23,S1,480,0,1.0000,0.0243,0.9994,0.0243
PLT02,PLT02-L2,2026-10-23,S2,480,0,1.0000,0.0237,0.9992,0.0236
PLT02,PLT02-L2,2026-10-23,S3,480,45,0.9063,0.0259,0.9992,0.0235
PLT02,PLT02-L2,2026-10-24,S1,480,0,1.0000,0.0231,0.9992,0.0231
PLT02,PLT02-L2,2026-10-24,S2,480,0,1.0000,0.0234,0.9995,0.0234
PLT02,PLT02-L2,2026-10-24,S3,480,193,0.5979,0.0399,0.9993,0.0238
PLT02,PLT02-L2,2026-10-25,S1,480,0,1.0000,0.0246,0.9993,0.0246
PLT02,PLT02-L2,2026-10-25,S2,480,118,0.7542,0.0314,0.9993,0.0237
PLT02,PLT02-L2,2026-10-25,S3,480,0,1.0000,0.0233,0.9993,0.0233
PLT02,PLT02-L2,2026-10-26,S1,480,1,0.9979,0.0237,0.9994,0.0237
PLT02,PLT02-L2,2026-10-26,S2,480,0,1.0000,0.0229,0.9991,0.0228
PLT02,PLT02-L2,2026-10-26,S3,480,0,1.0000,0.0226,0.9992,0.0226
PLT02,PLT02-L2,2026-10-27,S1,480,0,1.0000,0.0233,0.9994,0.0233
PLT02,PLT02-L2,2026-10-27,S2,480,30,0.9375,0.0254,0.9993,0.0238
PLT02,PLT02-L2,2026-10-27,S3,480,0,1.0000,0.0241,0.9993,0.0240
PLT02,PLT02-L2,2026-10-28,S1,480,0,1.0000,0.0255,0.9992,0.0255
PLT02,PLT02-L2,2026-10-28,S2,480,103,0.7854,0.0289,0.9992,0.0227
PLT02,PLT02-L2,2026-10-28,S3,480,26,0.9458,0.0251,0.9993,0.0237
PLT02,PLT02-L2,2026-10-29,S1,480,0,1.0000,0.0239,0.9991,0.0239
PLT02,PLT02-L2,2026-10-29,S2,480,0,1.0000,0.0250,0.9993,0.0250
PLT02,PLT02-L2,2026-10-29,S3,480,77,0.8396,0.0282,0.9994,0.0237
PLT02,PLT02-L2,2026-10-30,S1,480,0,1.0000,0.0242,0.9992,0.0242
PLT02,PLT02-L2,2026-10-30,S2,480,0,1.0000,0.0238,0.9992,0.0238
PLT02,PLT02-L2,2026-10-30,S3,480,0,1.0000,0.0241,0.9995,0.0241
PLT02,PLT02-L2,2026-10-31,S1,480,0,1.0000,0.0234,0.9993,0.0233
PLT02,PLT02-L2,2026-10-31,S2,480,0,1.0000,0.0243,0.9994,0.0242
PLT02,PLT02-L2,2026-10-31,S3,540,0,1.0000,0.0224,0.9993,0.0224
PLT02,PLT02-L2,2026-11-01,S1,480,0,1.0000,0.0242,0.9992,0.0242
PLT02,PLT02-L2,2026-11-01,S2,480,0,1.0000,0.0233,0.9993,0.0233
PLT02,PLT02-L2,2026-11-01,S3,480,0,1.0000,0.0246,0.9994,0.0246
PLT02,PLT02-L2,2026-11-02,S1,480,0,1.0000,0.0239,0.9994,0.0239
PLT02,PLT02-L2,2026-11-02,S2,480,0,1.0000,0.0237,0.9993,0.0237
PLT02,PLT02-L2,2026-11-02,S3,480,0,1.0000,0.0222,0.9993,0.0222
PLT02,PLT02-L2,2026-11-03,S1,480,0,1.0000,0.0231,0.9993,0.0231
PLT02,PLT02-L2,2026-11-03,S2,480,0,1.0000,0.0241,0.9992,0.0240
PLT02,PLT02-L2,2026-11-03,S3,480,0,1.0000,0.0227,0.9995,0.0227
PLT02,PLT02-L2,2026-11-04,S1,480,0,1.0000,0.0228,0.9993,0.0228
PLT02,PLT02-L2,2026-11-04,S2,480,0,1.0000,0.0232,0.9991,0.0232
PLT02,PLT02-L2,2026-11-04,S3,480,0,1.0000,0.0230,0.9991,0.0230
PLT02,PLT02-L2,2026-11-05,S1,480,17,0.9646,0.0238,0.9992,0.0230
PLT02,PLT02-L2,2026-11-05,S2,480,0,1.0000,0.0232,0.9991,0.0232
PLT02,PLT02-L2,2026-11-05,S3,480,0,1.0000,0.0236,0.9991,0.0236
PLT02,PLT02-L2,2026-11-06,S1,480,93,0.8063,0.0301,0.9994,0.0242
PLT02,PLT02-L2,2026-11-06,S2,480,0,1.0000,0.0244,0.9993,0.0244
PLT02,PLT02-L2,2026-11-06,S3,480,0,1.0000,0.0242,0.9993,0.0242
PLT02,PLT02-L2,2026-11-07,S1,480,59,0.8771,0.0278,0.9993,0.0243
PLT02,PLT02-L2,2026-11-07,S2,480,0,1.0000,0.0232,0.9993,0.0232
PLT02,PLT02-L2,2026-11-07,S3,480,0,1.0000,0.0245,0.9994,0.0245
PLT02,PLT02-L2,2026-11-08,S1,480,0,1.0000,0.0219,0.9993,0.0219
PLT02,PLT02-L2,2026-11-08,S2,480,0,1.0000,0.0234,0.9993,0.0234
PLT02,PLT02-L2,2026-11-08,S3,480,0,1.0000,0.0240,0.9994,0.0240
PLT02,PLT02-L2,2026-11-09,S1,480,73,0.8479,0.0274,0.9992,0.0232
PLT02,PLT02-L2,2026-11-09,S2,480,32,0.9333,0.0239,0.9992,0.0223
PLT02,PLT02-L2,2026-11-09,S3,480,0,1.0000,0.0226,0.9993,0.0225
PLT02,PLT02-L2,2026-11-10,S1,480,0,1.0000,0.0238,0.9993,0.0237
PLT02,PLT02-L2,2026-11-10,S2,480,0,1.0000,0.0223,0.9992,0.0223
PLT02,PLT02-L2,2026-11-10,S3,480,0,1.0000,0.0242,0.9995,0.0242
PLT02,PLT02-L2,2026-11-11,S1,480,0,1.0000,0.0241,0.9994,0.0241
PLT02,PLT02-L2,2026-11-11,S2,480,0,1.0000,0.0234,0.9991,0.0234
PLT02,PLT02-L2,2026-11-11,S3,480,0,1.0000,0.0235,0.9993,0.0235
PLT02,PLT02-L2,2026-11-12,S1,480,0,1.0000,0.0239,0.9995,0.0239
PLT02,PLT02-L2,2026-11-12,S2,480,0,1.0000,0.0239,0.9993,0.0239
PLT02,PLT02-L2,2026-11-12,S3,480,0,1.0000,0.0251,0.9994,0.0251
PLT02,PLT02-L2,2026-11-13,S1,480,80,0.8333,0.0278,0.9993,0.0231
PLT02,PLT02-L2,2026-11-13,S2,480,35,0.9271,0.0258,0.9994,0.0239
PLT02,PLT02-L2,2026-11-13,S3,480,0,1.0000,0.0231,0.9994,0.0231
PLT02,PLT02-L2,2026-11-14,S1,480,96,0.8000,0.0312,0.9992,0.0249
PLT02,PLT02-L2,2026-11-14,S2,480,0,1.0000,0.0238,0.9993,0.0238
PLT02,PLT02-L2,2026-11-14,S3,480,0,1.0000,0.0234,0.9992,0.0234
PLT02,PLT02-L2,2026-11-15,S1,480,0,1.0000,0.0248,0.9993,0.0247
PLT02,PLT02-L2,2026-11-15,S2,480,88,0.8167,0.0299,0.9993,0.0244
PLT02,PLT02-L2,2026-11-15,S3,480,0,1.0000,0.0237,0.9992,0.0237
PLT02,PLT02-L3,2026-10-19,S1,480,127,0.7354,0.0320,0.9992,0.0235
PLT02,PLT02-L3,2026-10-19,S2,480,0,1.0000,0.0240,0.9995,0.0240
PLT02,PLT02-L3,2026-10-19,S3,480,0,1.0000,0.0231,0.9996,0.0231
PLT02,PLT02-L3,2026-10-20,S1,480,0,1.0000,0.0234,0.9994,0.0234
PLT02,PLT02-L3,2026-10-20,S2,480,0,1.0000,0.0235,0.9996,0.0235
PLT02,PLT02-L3,2026-10-20,S3,480,0,1.0000,0.0234,0.9995,0.0234
PLT02,PLT02-L3,2026-10-21,S1,480,0,1.0000,0.0240,0.9994,0.0240
PLT02,PLT02-L3,2026-10-21,S2,480,0,1.0000,0.0222,0.9994,0.0222
PLT02,PLT02-L3,2026-10-21,S3,480,0,1.0000,0.0230,0.9995,0.0230
PLT02,PLT02-L3,2026-10-22,S1,480,48,0.9000,0.0256,0.9994,0.0230
PLT02,PLT02-L3,2026-10-22,S2,480,45,0.9063,0.0270,0.9993,0.0245
PLT02,PLT02-L3,2026-10-22,S3,480,0,1.0000,0.0219,0.9993,0.0218
PLT02,PLT02-L3,2026-10-23,S1,480,0,1.0000,0.0232,0.9994,0.0232
PLT02,PLT02-L3,2026-10-23,S2,480,0,1.0000,0.0248,0.9996,0.0248
PLT02,PLT02-L3,2026-10-23,S3,480,106,0.7792,0.0302,0.9995,0.0236
PLT02,PLT02-L3,2026-10-24,S1,480,0,1.0000,0.0244,0.9996,0.0244
PLT02,PLT02-L3,2026-10-24,S2,480,0,1.0000,0.0232,0.9996,0.0232
PLT02,PLT02-L3,2026-10-24,S3,480,55,0.8854,0.0253,0.9995,0.0224
PLT02,PLT02-L3,2026-10-25,S1,480,0,1.0000,0.0230,0.9994,0.0230
PLT02,PLT02-L3,2026-10-25,S2,480,0,1.0000,0.0237,0.9994,0.0237
PLT02,PLT02-L3,2026-10-25,S3,480,0,1.0000,0.0240,0.9994,0.0240
PLT02,PLT02-L3,2026-10-26,S1,480,1,0.9979,0.0241,0.9993,0.0241
PLT02,PLT02-L3,2026-10-26,S2,480,0,1.0000,0.0243,0.9996,0.0243
PLT02,PLT02-L3,2026-10-26,S3,480,0,1.0000,0.0239,0.9995,0.0239
PLT02,PLT02-L3,2026-10-27,S1,480,0,1.0000,0.0227,0.9993,0.0227
PLT02,PLT02-L3,2026-10-27,S2,480,0,1.0000,0.0243,0.9994,0.0243
PLT02,PLT02-L3,2026-10-27,S3,480,68,0.8583,0.0280,0.9994,0.0240
PLT02,PLT02-L3,2026-10-28,S1,480,0,1.0000,0.0240,0.9995,0.0240
PLT02,PLT02-L3,2026-10-28,S2,480,0,1.0000,0.0250,0.9995,0.0250
PLT02,PLT02-L3,2026-10-28,S3,480,0,1.0000,0.0243,0.9994,0.0243
PLT02,PLT02-L3,2026-10-29,S1,480,0,1.0000,0.0240,0.9994,0.0240
PLT02,PLT02-L3,2026-10-29,S2,480,0,1.0000,0.0257,0.9994,0.0256
PLT02,PLT02-L3,2026-10-29,S3,480,110,0.7708,0.0312,0.9995,0.0241
PLT02,PLT02-L3,2026-10-30,S1,480,0,1.0000,0.0241,0.9996,0.0241
PLT02,PLT02-L3,2026-10-30,S2,480,0,1.0000,0.0225,0.9993,0.0224
PLT02,PLT02-L3,2026-10-30,S3,480,0,1.0000,0.0238,0.9996,0.0238
PLT02,PLT02-L3,2026-10-31,S1,480,0,1.0000,0.0222,0.9993,0.0222
PLT02,PLT02-L3,2026-10-31,S2,480,100,0.7917,0.0298,0.9995,0.0236
PLT02,PLT02-L3,2026-10-31,S3,540,0,1.0000,0.0215,0.9994,0.0215
PLT02,PLT02-L3,2026-11-01,S1,480,0,1.0000,0.0226,0.9995,0.0225
PLT02,PLT02-L3,2026-11-01,S2,480,0,1.0000,0.0227,0.9995,0.0227
PLT02,PLT02-L3,2026-11-01,S3,480,0,1.0000,0.0245,0.9995,0.0245
PLT02,PLT02-L3,2026-11-02,S1,480,0,1.0000,0.0230,0.9995,0.0229
PLT02,PLT02-L3,2026-11-02,S2,480,0,1.0000,0.0243,0.9993,0.0243
PLT02,PLT02-L3,2026-11-02,S3,480,138,0.7125,0.0314,0.9995,0.0223
PLT02,PLT02-L3,2026-11-03,S1,480,0,1.0000,0.0228,0.9994,0.0228
PLT02,PLT02-L3,2026-11-03,S2,480,0,1.0000,0.0239,0.9994,0.0239
PLT02,PLT02-L3,2026-11-03,S3,480,0,1.0000,0.0224,0.9994,0.0224
PLT02,PLT02-L3,2026-11-04,S1,480,95,0.8021,0.0297,0.9994,0.0238
PLT02,PLT02-L3,2026-11-04,S2,480,0,1.0000,0.0234,0.9996,0.0234
PLT02,PLT02-L3,2026-11-04,S3,480,0,1.0000,0.0231,0.9994,0.0231
PLT02,PLT02-L3,2026-11-05,S1,480,0,1.0000,0.0242,0.9994,0.0241
PLT02,PLT02-L3,2026-11-05,S2,480,60,0.8750,0.0280,0.9995,0.0245
PLT02,PLT02-L3,2026-11-05,S3,480,0,1.0000,0.0236,0.9996,0.0236
PLT02,PLT02-L3,2026-11-06,S1,480,0,1.0000,0.0245,0.9996,0.0245
PLT02,PLT02-L3,2026-11-06,S2,480,0,1.0000,0.0234,0.9994,0.0234
PLT02,PLT02-L3,2026-11-06,S3,480,0,1.0000,0.0225,0.9995,0.0225
PLT02,PLT02-L3,2026-11-07,S1,480,0,1.0000,0.0246,0.9995,0.0246
PLT02,PLT02-L3,2026-11-07,S2,480,0,1.0000,0.0237,0.9995,0.0237
PLT02,PLT02-L3,2026-11-07,S3,480,36,0.9250,0.0231,0.9993,0.0213
PLT02,PLT02-L3,2026-11-08,S1,480,0,1.0000,0.0232,0.9995,0.0231
PLT02,PLT02-L3,2026-11-08,S2,480,0,1.0000,0.0240,0.9996,0.0240
PLT02,PLT02-L3,2026-11-08,S3,480,53,0.8896,0.0258,0.9994,0.0229
PLT02,PLT02-L3,2026-11-09,S1,480,0,1.0000,0.0243,0.9994,0.0243
PLT02,PLT02-L3,2026-11-09,S2,480,19,0.9604,0.0251,0.9994,0.0241
PLT02,PLT02-L3,2026-11-09,S3,480,0,1.0000,0.0232,0.9994,0.0232
PLT02,PLT02-L3,2026-11-10,S1,480,0,1.0000,0.0220,0.9995,0.0220
PLT02,PLT02-L3,2026-11-10,S2,480,40,0.9167,0.0262,0.9995,0.0240
PLT02,PLT02-L3,2026-11-10,S3,480,0,1.0000,0.0230,0.9995,0.0230
PLT02,PLT02-L3,2026-11-11,S1,480,0,1.0000,0.0234,0.9993,0.0234
PLT02,PLT02-L3,2026-11-11,S2,480,0,1.0000,0.0236,0.9994,0.0236
PLT02,PLT02-L3,2026-11-11,S3,480,91,0.8104,0.0277,0.9995,0.0224
PLT02,PLT02-L3,2026-11-12,S1,480,0,1.0000,0.0224,0.9996,0.0224
PLT02,PLT02-L3,2026-11-12,S2,480,0,1.0000,0.0226,0.9994,0.0226
PLT02,PLT02-L3,2026-11-12,S3,480,0,1.0000,0.0232,0.9994,0.0232
PLT02,PLT02-L3,2026-11-13,S1,480,0,1.0000,0.0237,0.9995,0.0237
PLT02,PLT02-L3,2026-11-13,S2,480,0,1.0000,0.0234,0.9994,0.0233
PLT02,PLT02-L3,2026-11-13,S3,480,0,1.0000,0.0239,0.9995,0.0239
PLT02,PLT02-L3,2026-11-14,S1,480,0,1.0000,0.0233,0.9994,0.0233
PLT02,PLT02-L3,2026-11-14,S2,480,111,0.7688,0.0311,0.9993,0.0239
PLT02,PLT02-L3,2026-11-14,S3,480,0,1.0000,0.0236,0.9993,0.0236
PLT02,PLT02-L3,2026-11-15,S1,480,0,1.0000,0.0233,0.9993,0.0233
PLT02,PLT02-L3,2026-11-15,S2,480,0,1.0000,0.0243,0.9994,0.0243
PLT02,PLT02-L3,2026-11-15,S3,480,0,1.0000,0.0214,0.9993,0.0213
PLT02,PLT02-L4,2026-10-19,S1,480,0,1.0000,0.0228,0.9994,0.0228
PLT02,PLT02-L4,2026-10-19,S2,480,0,1.0000,0.0236,0.9995,0.0236
PLT02,PLT02-L4,2026-10-19,S3,480,0,1.0000,0.0225,0.9995,0.0225
PLT02,PLT02-L4,2026-10-20,S1,480,0,1.0000,0.0245,0.9995,0.0245
PLT02,PLT02-L4,2026-10-20,S2,480,0,1.0000,0.0235,0.9993,0.0235
PLT02,PLT02-L4,2026-10-20,S3,480,48,0.9000,0.0247,0.9995,0.0222
PLT02,PLT02-L4,2026-10-21,S1,480,0,1.0000,0.0238,0.9996,0.0238
PLT02,PLT02-L4,2026-10-21,S2,480,0,1.0000,0.0249,0.9996,0.0249
PLT02,PLT02-L4,2026-10-21,S3,480,0,1.0000,0.0237,0.9993,0.0236
PLT02,PLT02-L4,2026-10-22,S1,480,153,0.6813,0.0355,0.9995,0.0242
PLT02,PLT02-L4,2026-10-22,S2,480,45,0.9063,0.0267,0.9994,0.0242
PLT02,PLT02-L4,2026-10-22,S3,480,0,1.0000,0.0250,0.9994,0.0249
PLT02,PLT02-L4,2026-10-23,S1,480,123,0.7438,0.0335,0.9994,0.0249
PLT02,PLT02-L4,2026-10-23,S2,480,0,1.0000,0.0247,0.9994,0.0247
PLT02,PLT02-L4,2026-10-23,S3,480,0,1.0000,0.0241,0.9995,0.0241
PLT02,PLT02-L4,2026-10-24,S1,480,0,1.0000,0.0224,0.9994,0.0224
PLT02,PLT02-L4,2026-10-24,S2,480,0,1.0000,0.0239,0.9995,0.0239
PLT02,PLT02-L4,2026-10-24,S3,480,55,0.8854,0.0271,0.9995,0.0240
PLT02,PLT02-L4,2026-10-25,S1,480,35,0.9271,0.0240,0.9993,0.0222
PLT02,PLT02-L4,2026-10-25,S2,480,0,1.0000,0.0239,0.9995,0.0239
PLT02,PLT02-L4,2026-10-25,S3,480,0,1.0000,0.0248,0.9995,0.0248
PLT02,PLT02-L4,2026-10-26,S1,480,1,0.9979,0.0221,0.9996,0.0221
PLT02,PLT02-L4,2026-10-26,S2,480,0,1.0000,0.0240,0.9996,0.0240
PLT02,PLT02-L4,2026-10-26,S3,480,70,0.8542,0.0282,0.9995,0.0240
PLT02,PLT02-L4,2026-10-27,S1,480,0,1.0000,0.0239,0.9995,0.0239
PLT02,PLT02-L4,2026-10-27,S2,480,0,1.0000,0.0237,0.9995,0.0237
PLT02,PLT02-L4,2026-10-27,S3,480,89,0.8146,0.0286,0.9996,0.0233
PLT02,PLT02-L4,2026-10-28,S1,480,0,1.0000,0.0224,0.9993,0.0224
PLT02,PLT02-L4,2026-10-28,S2,480,0,1.0000,0.0216,0.9994,0.0216
PLT02,PLT02-L4,2026-10-28,S3,480,0,1.0000,0.0237,0.9996,0.0237
PLT02,PLT02-L4,2026-10-29,S1,480,0,1.0000,0.0217,0.9996,0.0217
PLT02,PLT02-L4,2026-10-29,S2,480,0,1.0000,0.0232,0.9997,0.0232
PLT02,PLT02-L4,2026-10-29,S3,480,0,1.0000,0.0236,0.9996,0.0236
PLT02,PLT02-L4,2026-10-30,S1,480,0,1.0000,0.0226,0.9996,0.0226
PLT02,PLT02-L4,2026-10-30,S2,480,43,0.9104,0.0254,0.9995,0.0231
PLT02,PLT02-L4,2026-10-30,S3,480,0,1.0000,0.0236,0.9994,0.0236
PLT02,PLT02-L4,2026-10-31,S1,480,0,1.0000,0.0227,0.9995,0.0227
PLT02,PLT02-L4,2026-10-31,S2,480,0,1.0000,0.0238,0.9997,0.0238
PLT02,PLT02-L4,2026-10-31,S3,540,0,1.0000,0.0226,0.9995,0.0226
PLT02,PLT02-L4,2026-11-01,S1,480,0,1.0000,0.0252,0.9996,0.0252
PLT02,PLT02-L4,2026-11-01,S2,480,0,1.0000,0.0241,0.9995,0.0241
PLT02,PLT02-L4,2026-11-01,S3,480,0,1.0000,0.0225,0.9996,0.0225
PLT02,PLT02-L4,2026-11-02,S1,480,0,1.0000,0.0235,0.9994,0.0235
PLT02,PLT02-L4,2026-11-02,S2,480,0,1.0000,0.0245,0.9995,0.0244
PLT02,PLT02-L4,2026-11-02,S3,480,0,1.0000,0.0227,0.9996,0.0227
PLT02,PLT02-L4,2026-11-03,S1,480,0,1.0000,0.0251,0.9995,0.0251
PLT02,PLT02-L4,2026-11-03,S2,480,0,1.0000,0.0238,0.9995,0.0238
PLT02,PLT02-L4,2026-11-03,S3,480,24,0.9500,0.0247,0.9994,0.0234
PLT02,PLT02-L4,2026-11-04,S1,480,0,1.0000,0.0259,0.9996,0.0259
PLT02,PLT02-L4,2026-11-04,S2,480,0,1.0000,0.0236,0.9995,0.0236
PLT02,PLT02-L4,2026-11-04,S3,480,0,1.0000,0.0246,0.9996,0.0246
PLT02,PLT02-L4,2026-11-05,S1,480,0,1.0000,0.0246,0.9995,0.0246
PLT02,PLT02-L4,2026-11-05,S2,480,0,1.0000,0.0215,0.9993,0.0215
PLT02,PLT02-L4,2026-11-05,S3,480,0,1.0000,0.0235,0.9995,0.0235
PLT02,PLT02-L4,2026-11-06,S1,480,0,1.0000,0.0240,0.9993,0.0240
PLT02,PLT02-L4,2026-11-06,S2,480,0,1.0000,0.0242,0.9994,0.0242
PLT02,PLT02-L4,2026-11-06,S3,480,106,0.7792,0.0305,0.9995,0.0238
PLT02,PLT02-L4,2026-11-07,S1,480,0,1.0000,0.0228,0.9995,0.0228
PLT02,PLT02-L4,2026-11-07,S2,480,0,1.0000,0.0261,0.9997,0.0261
PLT02,PLT02-L4,2026-11-07,S3,480,0,1.0000,0.0243,0.9995,0.0243
PLT02,PLT02-L4,2026-11-08,S1,480,0,1.0000,0.0250,0.9995,0.0249
PLT02,PLT02-L4,2026-11-08,S2,480,0,1.0000,0.0239,0.9995,0.0239
PLT02,PLT02-L4,2026-11-08,S3,480,0,1.0000,0.0228,0.9994,0.0228
PLT02,PLT02-L4,2026-11-09,S1,480,29,0.9396,0.0250,0.9995,0.0234
PLT02,PLT02-L4,2026-11-09,S2,480,0,1.0000,0.0224,0.9994,0.0224
PLT02,PLT02-L4,2026-11-09,S3,480,0,1.0000,0.0261,0.9995,0.0261
PLT02,PLT02-L4,2026-11-10,S1,480,0,1.0000,0.0219,0.9995,0.0219
PLT02,PLT02-L4,2026-11-10,S2,480,0,1.0000,0.0260,0.9995,0.0260
PLT02,PLT02-L4,2026-11-10,S3,480,0,1.0000,0.0238,0.9996,0.0238
PLT02,PLT02-L4,2026-11-11,S1,480,0,1.0000,0.0238,0.9995,0.0238
PLT02,PLT02-L4,2026-11-11,S2,480,0,1.0000,0.0242,0.9996,0.0242
PLT02,PLT02-L4,2026-11-11,S3,480,116,0.7583,0.0312,0.9995,0.0236
PLT02,PLT02-L4,2026-11-12,S1,480,0,1.0000,0.0227,0.9994,0.0227
PLT02,PLT02-L4,2026-11-12,S2,480,0,1.0000,0.0234,0.9994,0.0233
PLT02,PLT02-L4,2026-11-12,S3,480,120,0.7500,0.0321,0.9995,0.0241
PLT02,PLT02-L4,2026-11-13,S1,480,0,1.0000,0.0235,0.9995,0.0235
PLT02,PLT02-L4,2026-11-13,S2,480,0,1.0000,0.0239,0.9995,0.0239
PLT02,PLT02-L4,2026-11-13,S3,480,133,0.7229,0.0319,0.9995,0.0230
PLT02,PLT02-L4,2026-11-14,S1,480,0,1.0000,0.0255,0.9995,0.0255
PLT02,PLT02-L4,2026-11-14,S2,480,0,1.0000,0.0246,0.9996,0.0246
PLT02,PLT02-L4,2026-11-14,S3,480,137,0.7146,0.0324,0.9996,0.0232
PLT02,PLT02-L4,2026-11-15,S1,480,0,1.0000,0.0228,0.9994,0.0228
PLT02,PLT02-L4,2026-11-15,S2,480,72,0.8500,0.0268,0.9993,0.0228
PLT02,PLT02-L4,2026-11-15,S3,480,0,1.0000,0.0240,0.9995,0.0239
PLT03,PLT03-L1,2026-10-19,S1,480,47,0.9021,0.0267,0.9996,0.0241
PLT03,PLT03-L1,2026-10-19,S2,480,0,1.0000,0.0228,0.9995,0.0228
PLT03,PLT03-L1,2026-10-19,S3,480,0,1.0000,0.0235,0.9995,0.0235
PLT03,PLT03-L1,2026-10-20,S1,480,0,1.0000,0.0234,0.9996,0.0234
PLT03,PLT03-L1,2026-10-20,S2,480,0,1.0000,0.0249,0.9996,0.0249
PLT03,PLT03-L1,2026-10-20,S3,480,0,1.0000,0.0247,0.9996,0.0247
PLT03,PLT03-L1,2026-10-21,S1,480,0,1.0000,0.0240,0.9996,0.0240
PLT03,PLT03-L1,2026-10-21,S2,480,0,1.0000,0.0244,0.9996,0.0244
PLT03,PLT03-L1,2026-10-21,S3,480,0,1.0000,0.0244,0.9996,0.0244
PLT03,PLT03-L1,2026-10-22,S1,480,30,0.9375,0.0242,0.9995,0.0227
PLT03,PLT03-L1,2026-10-22,S2,480,45,0.9063,0.0261,0.9995,0.0237
PLT03,PLT03-L1,2026-10-22,S3,480,66,0.8625,0.0277,0.9996,0.0239
PLT03,PLT03-L1,2026-10-23,S1,480,0,1.0000,0.0237,0.9996,0.0237
PLT03,PLT03-L1,2026-10-23,S2,480,0,1.0000,0.0242,0.9996,0.0242
PLT03,PLT03-L1,2026-10-23,S3,480,0,1.0000,0.0242,0.9995,0.0242
PLT03,PLT03-L1,2026-10-24,S1,480,31,0.9354,0.0249,0.9995,0.0232
PLT03,PLT03-L1,2026-10-24,S2,480,0,1.0000,0.0234,0.9996,0.0234
PLT03,PLT03-L1,2026-10-24,S3,480,55,0.8854,0.0260,0.9996,0.0230
PLT03,PLT03-L1,2026-10-25,S1,480,2,0.9958,0.0245,0.9996,0.0244
PLT03,PLT03-L1,2026-10-25,S2,480,48,0.9000,0.0265,0.9995,0.0238
PLT03,PLT03-L1,2026-10-25,S3,480,0,1.0000,0.0228,0.9996,0.0228
PLT03,PLT03-L1,2026-10-26,S1,480,1,0.9979,0.0234,0.9996,0.0233
PLT03,PLT03-L1,2026-10-26,S2,480,0,1.0000,0.0242,0.9994,0.0241
PLT03,PLT03-L1,2026-10-26,S3,480,0,1.0000,0.0235,0.9995,0.0235
PLT03,PLT03-L1,2026-10-27,S1,480,0,1.0000,0.0240,0.9995,0.0239
PLT03,PLT03-L1,2026-10-27,S2,480,0,1.0000,0.0234,0.9995,0.0234
PLT03,PLT03-L1,2026-10-27,S3,480,28,0.9417,0.0256,0.9994,0.0241
PLT03,PLT03-L1,2026-10-28,S1,480,0,1.0000,0.0244,0.9996,0.0244
PLT03,PLT03-L1,2026-10-28,S2,480,113,0.7646,0.0310,0.9996,0.0237
PLT03,PLT03-L1,2026-10-28,S3,480,0,1.0000,0.0234,0.9995,0.0234
PLT03,PLT03-L1,2026-10-29,S1,480,0,1.0000,0.0247,0.9996,0.0247
PLT03,PLT03-L1,2026-10-29,S2,480,0,1.0000,0.0235,0.9995,0.0235
PLT03,PLT03-L1,2026-10-29,S3,480,0,1.0000,0.0229,0.9996,0.0229
PLT03,PLT03-L1,2026-10-30,S1,480,0,1.0000,0.0224,0.9996,0.0224
PLT03,PLT03-L1,2026-10-30,S2,480,0,1.0000,0.0227,0.9994,0.0227
PLT03,PLT03-L1,2026-10-30,S3,480,0,1.0000,0.0244,0.9996,0.0244
PLT03,PLT03-L1,2026-10-31,S1,480,0,1.0000,0.0237,0.9995,0.0237
PLT03,PLT03-L1,2026-10-31,S2,480,0,1.0000,0.0239,0.9995,0.0239
PLT03,PLT03-L1,2026-10-31,S3,540,170,0.6852,0.0312,0.9997,0.0214
PLT03,PLT03-L1,2026-11-01,S1,480,0,1.0000,0.0254,0.9996,0.0254
PLT03,PLT03-L1,2026-11-01,S2,480,0,1.0000,0.0242,0.9995,0.0242
PLT03,PLT03-L1,2026-11-01,S3,480,0,1.0000,0.0243,0.9995,0.0242
PLT03,PLT03-L1,2026-11-02,S1,480,0,1.0000,0.0233,0.9995,0.0233
PLT03,PLT03-L1,2026-11-02,S2,480,0,1.0000,0.0229,0.9996,0.0229
PLT03,PLT03-L1,2026-11-02,S3,480,0,1.0000,0.0240,0.9995,0.0240
PLT03,PLT03-L1,2026-11-03,S1,480,0,1.0000,0.0220,0.9994,0.0220
PLT03,PLT03-L1,2026-11-03,S2,480,23,0.9521,0.0256,0.9995,0.0244
PLT03,PLT03-L1,2026-11-03,S3,480,0,1.0000,0.0236,0.9995,0.0236
PLT03,PLT03-L1,2026-11-04,S1,480,0,1.0000,0.0227,0.9994,0.0227
PLT03,PLT03-L1,2026-11-04,S2,480,57,0.8813,0.0239,0.9995,0.0211
PLT03,PLT03-L1,2026-11-04,S3,480,0,1.0000,0.0239,0.9995,0.0238
PLT03,PLT03-L1,2026-11-05,S1,480,0,1.0000,0.0235,0.9996,0.0235
PLT03,PLT03-L1,2026-11-05,S2,480,0,1.0000,0.0232,0.9994,0.0232
PLT03,PLT03-L1,2026-11-05,S3,480,0,1.0000,0.0237,0.9996,0.0237
PLT03,PLT03-L1,2026-11-06,S1,480,0,1.0000,0.0237,0.9996,0.0237
PLT03,PLT03-L1,2026-11-06,S2,480,0,1.0000,0.0236,0.9996,0.0236
PLT03,PLT03-L1,2026-11-06,S3,480,20,0.9583,0.0247,0.9996,0.0237
PLT03,PLT03-L1,2026-11-07,S1,480,49,0.8979,0.0260,0.9996,0.0233
PLT03,PLT03-L1,2026-11-07,S2,480,0,1.0000,0.0237,0.9995,0.0237
PLT03,PLT03-L1,2026-11-07,S3,480,0,1.0000,0.0232,0.9995,0.0232
PLT03,PLT03-L1,2026-11-08,S1,480,0,1.0000,0.0249,0.9995,0.0249
PLT03,PLT03-L1,2026-11-08,S2,480,50,0.8958,0.0272,0.9996,0.0244
PLT03,PLT03-L1,2026-11-08,S3,480,0,1.0000,0.0249,0.9997,0.0249
PLT03,PLT03-L1,2026-11-09,S1,480,0,1.0000,0.0234,0.9995,0.0234
PLT03,PLT03-L1,2026-11-09,S2,480,0,1.0000,0.0232,0.9996,0.0232
PLT03,PLT03-L1,2026-11-09,S3,480,62,0.8708,0.0264,0.9995,0.0230
PLT03,PLT03-L1,2026-11-10,S1,480,0,1.0000,0.0245,0.9997,0.0245
PLT03,PLT03-L1,2026-11-10,S2,480,0,1.0000,0.0234,0.9995,0.0234
PLT03,PLT03-L1,2026-11-10,S3,480,0,1.0000,0.0240,0.9995,0.0240
PLT03,PLT03-L1,2026-11-11,S1,480,0,1.0000,0.0241,0.9995,0.0241
PLT03,PLT03-L1,2026-11-11,S2,480,0,1.0000,0.0242,0.9996,0.0242
PLT03,PLT03-L1,2026-11-11,S3,480,0,1.0000,0.0230,0.9994,0.0230
PLT03,PLT03-L1,2026-11-12,S1,480,0,1.0000,0.0247,0.9995,0.0247
PLT03,PLT03-L1,2026-11-12,S2,480,0,1.0000,0.0223,0.9996,0.0223
PLT03,PLT03-L1,2026-11-12,S3,480,123,0.7438,0.0330,0.9996,0.0245
PLT03,PLT03-L1,2026-11-13,S1,480,0,1.0000,0.0237,0.9996,0.0237
PLT03,PLT03-L1,2026-11-13,S2,480,0,1.0000,0.0245,0.9998,0.0245
PLT03,PLT03-L1,2026-11-13,S3,480,0,1.0000,0.0246,0.9996,0.0246
PLT03,PLT03-L1,2026-11-14,S1,480,0,1.0000,0.0228,0.9997,0.0228
PLT03,PLT03-L1,2026-11-14,S2,480,0,1.0000,0.0221,0.9994,0.0221
PLT03,PLT03-L1,2026-11-14,S3,480,0,1.0000,0.0240,0.9996,0.0240
PLT03,PLT03-L1,2026-11-15,S1,480,0,1.0000,0.0229,0.9996,0.0228
PLT03,PLT03-L1,2026-11-15,S2,480,0,1.0000,0.0219,0.9995,0.0219
PLT03,PLT03-L1,2026-11-15,S3,480,0,1.0000,0.0240,0.9996,0.0240
PLT03,PLT03-L2,2026-10-19,S1,480,137,0.7146,0.0318,0.9994,0.0227
PLT03,PLT03-L2,2026-10-19,S2,480,0,1.0000,0.0244,0.9994,0.0244
PLT03,PLT03-L2,2026-10-19,S3,480,0,1.0000,0.0242,0.9993,0.0242
PLT03,PLT03-L2,2026-10-20,S1,480,0,1.0000,0.0245,0.9994,0.0244
PLT03,PLT03-L2,2026-10-20,S2,480,23,0.9521,0.0252,0.9994,0.0240
PLT03,PLT03-L2,2026-10-20,S3,480,0,1.0000,0.0244,0.9995,0.0244
PLT03,PLT03-L2,2026-10-21,S1,480,0,1.0000,0.0246,0.9995,0.0246
PLT03,PLT03-L2,2026-10-21,S2,480,0,1.0000,0.0249,0.9994,0.0249
PLT03,PLT03-L2,2026-10-21,S3,480,0,1.0000,0.0230,0.9994,0.0229
PLT03,PLT03-L2,2026-10-22,S1,480,96,0.8000,0.0304,0.9996,0.0243
PLT03,PLT03-L2,2026-10-22,S2,480,103,0.7854,0.0299,0.9994,0.0235
PLT03,PLT03-L2,2026-10-22,S3,480,0,1.0000,0.0215,0.9995,0.0215
PLT03,PLT03-L2,2026-10-23,S1,480,0,1.0000,0.0240,0.9995,0.0240
PLT03,PLT03-L2,2026-10-23,S2,480,0,1.0000,0.0232,0.9995,0.0232
PLT03,PLT03-L2,2026-10-23,S3,480,0,1.0000,0.0228,0.9995,0.0228
PLT03,PLT03-L2,2026-10-24,S1,480,111,0.7688,0.0309,0.9994,0.0237
PLT03,PLT03-L2,2026-10-24,S2,480,28,0.9417,0.0247,0.9996,0.0233
PLT03,PLT03-L2,2026-10-24,S3,480,55,0.8854,0.0258,0.9996,0.0228
PLT03,PLT03-L2,2026-10-25,S1,480,0,1.0000,0.0257,0.9995,0.0257
PLT03,PLT03-L2,2026-10-25,S2,480,0,1.0000,0.0233,0.9995,0.0233
PLT03,PLT03-L2,2026-10-25,S3,480,0,1.0000,0.0243,0.9995,0.0243
PLT03,PLT03-L2,2026-10-26,S1,480,80,0.8333,0.0283,0.9994,0.0235
PLT03,PLT03-L2,2026-10-26,S2,480,0,1.0000,0.0244,0.9994,0.0244
PLT03,PLT03-L2,2026-10-26,S3,480,0,1.0000,0.0245,0.9995,0.0245
PLT03,PLT03-L2,2026-10-27,S1,480,0,1.0000,0.0240,0.9995,0.0240
PLT03,PLT03-L2,2026-10-27,S2,480,0,1.0000,0.0241,0.9994,0.0241
PLT03,PLT03-L2,2026-10-27,S3,480,0,1.0000,0.0240,0.9994,0.0240
PLT03,PLT03-L2,2026-10-28,S1,480,0,1.0000,0.0240,0.9993,0.0240
PLT03,PLT03-L2,2026-10-28,S2,480,0,1.0000,0.0240,0.9994,0.0240
PLT03,PLT03-L2,2026-10-28,S3,480,57,0.8813,0.0258,0.9994,0.0227
PLT03,PLT03-L2,2026-10-29,S1,480,0,1.0000,0.0240,0.9995,0.0239
PLT03,PLT03-L2,2026-10-29,S2,480,0,1.0000,0.0246,0.9995,0.0246
PLT03,PLT03-L2,2026-10-29,S3,480,0,1.0000,0.0224,0.9994,0.0224
PLT03,PLT03-L2,2026-10-30,S1,480,81,0.8313,0.0289,0.9993,0.0240
PLT03,PLT03-L2,2026-10-30,S2,480,12,0.9750,0.0252,0.9994,0.0245
PLT03,PLT03-L2,2026-10-30,S3,480,0,1.0000,0.0236,0.9994,0.0236
PLT03,PLT03-L2,2026-10-31,S1,480,0,1.0000,0.0252,0.9994,0.0252
PLT03,PLT03-L2,2026-10-31,S2,480,0,1.0000,0.0240,0.9996,0.0239
PLT03,PLT03-L2,2026-10-31,S3,540,0,1.0000,0.0220,0.9994,0.0220
PLT03,PLT03-L2,2026-11-01,S1,480,0,1.0000,0.0236,0.9993,0.0235
PLT03,PLT03-L2,2026-11-01,S2,480,0,1.0000,0.0245,0.9995,0.0244
PLT03,PLT03-L2,2026-11-01,S3,480,0,1.0000,0.0241,0.9994,0.0240
PLT03,PLT03-L2,2026-11-02,S1,480,130,0.7292,0.0348,0.9995,0.0253
PLT03,PLT03-L2,2026-11-02,S2,480,0,1.0000,0.0239,0.9994,0.0239
PLT03,PLT03-L2,2026-11-02,S3,480,0,1.0000,0.0246,0.9993,0.0246
PLT03,PLT03-L2,2026-11-03,S1,480,0,1.0000,0.0243,0.9994,0.0243
PLT03,PLT03-L2,2026-11-03,S2,480,0,1.0000,0.0243,0.9996,0.0243
PLT03,PLT03-L2,2026-11-03,S3,480,127,0.7354,0.0351,0.9996,0.0258
PLT03,PLT03-L2,2026-11-04,S1,480,0,1.0000,0.0236,0.9994,0.0236
PLT03,PLT03-L2,2026-11-04,S2,480,105,0.7813,0.0306,0.9995,0.0239
PLT03,PLT03-L2,2026-11-04,S3,480,0,1.0000,0.0238,0.9995,0.0238
PLT03,PLT03-L2,2026-11-05,S1,480,0,1.0000,0.0239,0.9996,0.0239
PLT03,PLT03-L2,2026-11-05,S2,480,34,0.9292,0.0252,0.9994,0.0234
PLT03,PLT03-L2,2026-11-05,S3,480,32,0.9333,0.0257,0.9995,0.0240
PLT03,PLT03-L2,2026-11-06,S1,480,104,0.7833,0.0302,0.9995,0.0237
PLT03,PLT03-L2,2026-11-06,S2,480,0,1.0000,0.0224,0.9993,0.0224
PLT03,PLT03-L2,2026-11-06,S3,480,0,1.0000,0.0225,0.9997,0.0225
PLT03,PLT03-L2,2026-11-07,S1,480,0,1.0000,0.0246,0.9994,0.0246
PLT03,PLT03-L2,2026-11-07,S2,480,0,1.0000,0.0231,0.9995,0.0231
PLT03,PLT03-L2,2026-11-07,S3,480,0,1.0000,0.0236,0.9994,0.0236
PLT03,PLT03-L2,2026-11-08,S1,480,0,1.0000,0.0237,0.9996,0.0237
PLT03,PLT03-L2,2026-11-08,S2,480,0,1.0000,0.0256,0.9995,0.0256
PLT03,PLT03-L2,2026-11-08,S3,480,0,1.0000,0.0245,0.9994,0.0245
PLT03,PLT03-L2,2026-11-09,S1,480,0,1.0000,0.0237,0.9995,0.0237
PLT03,PLT03-L2,2026-11-09,S2,480,0,1.0000,0.0244,0.9995,0.0244
PLT03,PLT03-L2,2026-11-09,S3,480,0,1.0000,0.0244,0.9995,0.0244
PLT03,PLT03-L2,2026-11-10,S1,480,0,1.0000,0.0238,0.9994,0.0238
PLT03,PLT03-L2,2026-11-10,S2,480,0,1.0000,0.0243,0.9993,0.0243
PLT03,PLT03-L2,2026-11-10,S3,480,0,1.0000,0.0235,0.9994,0.0235
PLT03,PLT03-L2,2026-11-11,S1,480,0,1.0000,0.0243,0.9993,0.0242
PLT03,PLT03-L2,2026-11-11,S2,480,0,1.0000,0.0232,0.9994,0.0231
PLT03,PLT03-L2,2026-11-11,S3,480,0,1.0000,0.0243,0.9995,0.0243
PLT03,PLT03-L2,2026-11-12,S1,480,0,1.0000,0.0237,0.9994,0.0236
PLT03,PLT03-L2,2026-11-12,S2,480,0,1.0000,0.0239,0.9995,0.0239
PLT03,PLT03-L2,2026-11-12,S3,480,0,1.0000,0.0244,0.9995,0.0244
PLT03,PLT03-L2,2026-11-13,S1,480,0,1.0000,0.0236,0.9993,0.0236
PLT03,PLT03-L2,2026-11-13,S2,480,0,1.0000,0.0234,0.9994,0.0233
PLT03,PLT03-L2,2026-11-13,S3,480,0,1.0000,0.0238,0.9993,0.0238
PLT03,PLT03-L2,2026-11-14,S1,480,0,1.0000,0.0245,0.9995,0.0245
PLT03,PLT03-L2,2026-11-14,S2,480,0,1.0000,0.0245,0.9995,0.0245
PLT03,PLT03-L2,2026-11-14,S3,480,0,1.0000,0.0244,0.9994,0.0243
PLT03,PLT03-L2,2026-11-15,S1,480,0,1.0000,0.0241,0.9995,0.0241
PLT03,PLT03-L2,2026-11-15,S2,480,0,1.0000,0.0236,0.9993,0.0236
PLT03,PLT03-L2,2026-11-15,S3,480,0,1.0000,0.0240,0.9994,0.0240
PLT03,PLT03-L3,2026-10-19,S1,480,0,1.0000,0.0238,0.9996,0.0238
PLT03,PLT03-L3,2026-10-19,S2,480,78,0.8375,0.0279,0.9993,0.0234
PLT03,PLT03-L3,2026-10-19,S3,480,0,1.0000,0.0238,0.9995,0.0238
PLT03,PLT03-L3,2026-10-20,S1,480,0,1.0000,0.0245,0.9995,0.0245
PLT03,PLT03-L3,2026-10-20,S2,480,0,1.0000,0.0233,0.9993,0.0233
PLT03,PLT03-L3,2026-10-20,S3,480,0,1.0000,0.0239,0.9993,0.0238
PLT03,PLT03-L3,2026-10-21,S1,480,0,1.0000,0.0216,0.9992,0.0216
PLT03,PLT03-L3,2026-10-21,S2,480,0,1.0000,0.0226,0.9993,0.0226
PLT03,PLT03-L3,2026-10-21,S3,480,0,1.0000,0.0243,0.9994,0.0243
PLT03,PLT03-L3,2026-10-22,S1,480,103,0.7854,0.0307,0.9991,0.0241
PLT03,PLT03-L3,2026-10-22,S2,480,45,0.9063,0.0269,0.9992,0.0244
PLT03,PLT03-L3,2026-10-22,S3,480,0,1.0000,0.0236,0.9993,0.0236
PLT03,PLT03-L3,2026-10-23,S1,480,0,1.0000,0.0238,0.9993,0.0238
PLT03,PLT03-L3,2026-10-23,S2,480,0,1.0000,0.0235,0.9992,0.0235
PLT03,PLT03-L3,2026-10-23,S3,480,0,1.0000,0.0231,0.9993,0.0231
PLT03,PLT03-L3,2026-10-24,S1,480,0,1.0000,0.0237,0.9993,0.0236
PLT03,PLT03-L3,2026-10-24,S2,480,0,1.0000,0.0243,0.9993,0.0243
PLT03,PLT03-L3,2026-10-24,S3,480,55,0.8854,0.0272,0.9993,0.0241
PLT03,PLT03-L3,2026-10-25,S1,480,0,1.0000,0.0241,0.9993,0.0241
PLT03,PLT03-L3,2026-10-25,S2,480,75,0.8438,0.0280,0.9993,0.0236
PLT03,PLT03-L3,2026-10-25,S3,480,1,0.9979,0.0238,0.9994,0.0237
PLT03,PLT03-L3,2026-10-26,S1,480,1,0.9979,0.0228,0.9993,0.0228
PLT03,PLT03-L3,2026-10-26,S2,480,0,1.0000,0.0240,0.9994,0.0240
PLT03,PLT03-L3,2026-10-26,S3,480,0,1.0000,0.0226,0.9991,0.0225
PLT03,PLT03-L3,2026-10-27,S1,480,0,1.0000,0.0232,0.9993,0.0232
PLT03,PLT03-L3,2026-10-27,S2,480,0,1.0000,0.0234,0.9992,0.0234
PLT03,PLT03-L3,2026-10-27,S3,480,0,1.0000,0.0241,0.9994,0.0241
PLT03,PLT03-L3,2026-10-28,S1,480,0,1.0000,0.0240,0.9993,0.0240
PLT03,PLT03-L3,2026-10-28,S2,480,0,1.0000,0.0236,0.9992,0.0236
PLT03,PLT03-L3,2026-10-28,S3,480,0,1.0000,0.0241,0.9995,0.0241
PLT03,PLT03-L3,2026-10-29,S1,480,0,1.0000,0.0235,0.9993,0.0235
PLT03,PLT03-L3,2026-10-29,S2,480,0,1.0000,0.0231,0.9992,0.0230
PLT03,PLT03-L3,2026-10-29,S3,480,35,0.9271,0.0243,0.9994,0.0225
PLT03,PLT03-L3,2026-10-30,S1,480,25,0.9479,0.0256,0.9992,0.0242
PLT03,PLT03-L3,2026-10-30,S2,480,0,1.0000,0.0244,0.9992,0.0244
PLT03,PLT03-L3,2026-10-30,S3,480,0,1.0000,0.0237,0.9992,0.0236
PLT03,PLT03-L3,2026-10-31,S1,480,0,1.0000,0.0229,0.9992,0.0229
PLT03,PLT03-L3,2026-10-31,S2,480,116,0.7583,0.0305,0.9993,0.0231
PLT03,PLT03-L3,2026-10-31,S3,540,0,1.0000,0.0220,0.9994,0.0220
PLT03,PLT03-L3,2026-11-01,S1,480,6,0.9875,0.0225,0.9993,0.0222
PLT03,PLT03-L3,2026-11-01,S2,480,0,1.0000,0.0246,0.9994,0.0245
PLT03,PLT03-L3,2026-11-01,S3,480,0,1.0000,0.0236,0.9994,0.0236
PLT03,PLT03-L3,2026-11-02,S1,480,0,1.0000,0.0245,0.9992,0.0245
PLT03,PLT03-L3,2026-11-02,S2,480,6,0.9875,0.0229,0.9991,0.0226
PLT03,PLT03-L3,2026-11-02,S3,480,90,0.8125,0.0293,0.9994,0.0238
PLT03,PLT03-L3,2026-11-03,S1,480,0,1.0000,0.0251,0.9993,0.0251
PLT03,PLT03-L3,2026-11-03,S2,480,22,0.9542,0.0247,0.9993,0.0236
PLT03,PLT03-L3,2026-11-03,S3,480,0,1.0000,0.0240,0.9992,0.0240
PLT03,PLT03-L3,2026-11-04,S1,480,124,0.7417,0.0326,0.9993,0.0242
PLT03,PLT03-L3,2026-11-04,S2,480,0,1.0000,0.0227,0.9992,0.0227
PLT03,PLT03-L3,2026-11-04,S3,480,0,1.0000,0.0238,0.9994,0.0238
PLT03,PLT03-L3,2026-11-05,S1,480,0,1.0000,0.0224,0.9992,0.0224
PLT03,PLT03-L3,2026-11-05,S2,480,0,1.0000,0.0234,0.9992,0.0234
PLT03,PLT03-L3,2026-11-05,S3,480,0,1.0000,0.0228,0.9995,0.0228
PLT03,PLT03-L3,2026-11-06,S1,480,0,1.0000,0.0238,0.9993,0.0238
PLT03,PLT03-L3,2026-11-06,S2,480,0,1.0000,0.0227,0.9994,0.0227
PLT03,PLT03-L3,2026-11-06,S3,480,0,1.0000,0.0242,0.9993,0.0242
PLT03,PLT03-L3,2026-11-07,S1,480,0,1.0000,0.0216,0.9994,0.0216
PLT03,PLT03-L3,2026-11-07,S2,480,0,1.0000,0.0229,0.9992,0.0228
PLT03,PLT03-L3,2026-11-07,S3,480,0,1.0000,0.0231,0.9994,0.0231
PLT03,PLT03-L3,2026-11-08,S1,480,0,1.0000,0.0229,0.9994,0.0229
PLT03,PLT03-L3,2026-11-08,S2,480,0,1.0000,0.0239,0.9995,0.0239
PLT03,PLT03-L3,2026-11-08,S3,480,0,1.0000,0.0240,0.9993,0.0240
PLT03,PLT03-L3,2026-11-09,S1,480,0,1.0000,0.0233,0.9992,0.0233
PLT03,PLT03-L3,2026-11-09,S2,480,0,1.0000,0.0227,0.9991,0.0226
PLT03,PLT03-L3,2026-11-09,S3,480,0,1.0000,0.0239,0.9991,0.0239
PLT03,PLT03-L3,2026-11-10,S1,480,0,1.0000,0.0231,0.9993,0.0231
PLT03,PLT03-L3,2026-11-10,S2,480,97,0.7979,0.0317,0.9993,0.0253
PLT03,PLT03-L3,2026-11-10,S3,480,0,1.0000,0.0236,0.9993,0.0236
PLT03,PLT03-L3,2026-11-11,S1,480,0,1.0000,0.0231,0.9994,0.0230
PLT03,PLT03-L3,2026-11-11,S2,480,0,1.0000,0.0233,0.9993,0.0233
PLT03,PLT03-L3,2026-11-11,S3,480,73,0.8479,0.0266,0.9992,0.0225
PLT03,PLT03-L3,2026-11-12,S1,480,22,0.9542,0.0247,0.9994,0.0236
PLT03,PLT03-L3,2026-11-12,S2,480,0,1.0000,0.0245,0.9995,0.0245
PLT03,PLT03-L3,2026-11-12,S3,480,0,1.0000,0.0237,0.9992,0.0237
PLT03,PLT03-L3,2026-11-13,S1,480,0,1.0000,0.0240,0.9994,0.0240
PLT03,PLT03-L3,2026-11-13,S2,480,121,0.7479,0.0303,0.9994,0.0226
PLT03,PLT03-L3,2026-11-13,S3,480,0,1.0000,0.0234,0.9993,0.0233
PLT03,PLT03-L3,2026-11-14,S1,480,0,1.0000,0.0237,0.9992,0.0237
PLT03,PLT03-L3,2026-11-14,S2,480,0,1.0000,0.0248,0.9994,0.0248
PLT03,PLT03-L3,2026-11-14,S3,480,0,1.0000,0.0235,0.9993,0.0235
PLT03,PLT03-L3,2026-11-15,S1,480,0,1.0000,0.0238,0.9995,0.0238
PLT03,PLT03-L3,2026-11-15,S2,480,0,1.0000,0.0246,0.9994,0.0246
PLT03,PLT03-L3,2026-11-15,S3,480,0,1.0000,0.0235,0.9992,0.0235
PLT03,PLT03-L4,2026-10-19,S1,480,0,1.0000,0.0237,0.9994,0.0237
PLT03,PLT03-L4,2026-10-19,S2,480,0,1.0000,0.0246,0.9993,0.0246
PLT03,PLT03-L4,2026-10-19,S3,480,0,1.0000,0.0237,0.9994,0.0237
PLT03,PLT03-L4,2026-10-20,S1,480,0,1.0000,0.0234,0.9993,0.0233
PLT03,PLT03-L4,2026-10-20,S2,480,0,1.0000,0.0236,0.9993,0.0236
PLT03,PLT03-L4,2026-10-20,S3,480,72,0.8500,0.0266,0.9991,0.0226
PLT03,PLT03-L4,2026-10-21,S1,480,0,1.0000,0.0243,0.9994,0.0242
PLT03,PLT03-L4,2026-10-21,S2,480,51,0.8938,0.0267,0.9991,0.0238
PLT03,PLT03-L4,2026-10-21,S3,480,0,1.0000,0.0239,0.9994,0.0238
PLT03,PLT03-L4,2026-10-22,S1,480,30,0.9375,0.0263,0.9995,0.0246
PLT03,PLT03-L4,2026-10-22,S2,480,45,0.9063,0.0263,0.9994,0.0238
PLT03,PLT03-L4,2026-10-22,S3,480,0,1.0000,0.0222,0.9992,0.0222
PLT03,PLT03-L4,2026-10-23,S1,480,0,1.0000,0.0238,0.9994,0.0238
PLT03,PLT03-L4,2026-10-23,S2,480,0,1.0000,0.0236,0.9994,0.0236
PLT03,PLT03-L4,2026-10-23,S3,480,0,1.0000,0.0238,0.9993,0.0238
PLT03,PLT03-L4,2026-10-24,S1,480,0,1.0000,0.0247,0.9994,0.0247
PLT03,PLT03-L4,2026-10-24,S2,480,0,1.0000,0.0236,0.9993,0.0236
PLT03,PLT03-L4,2026-10-24,S3,480,55,0.8854,0.0267,0.9993,0.0236
PLT03,PLT03-L4,2026-10-25,S1,480,0,1.0000,0.0240,0.9992,0.0240
PLT03,PLT03-L4,2026-10-25,S2,480,0,1.0000,0.0244,0.9993,0.0244
PLT03,PLT03-L4,2026-10-25,S3,480,0,1.0000,0.0222,0.9993,0.0222
PLT03,PLT03-L4,2026-10-26,S1,480,1,0.9979,0.0226,0.9995,0.0225
PLT03,PLT03-L4,2026-10-26,S2,480,0,1.0000,0.0244,0.9995,0.0244
PLT03,PLT03-L4,2026-10-26,S3,480,0,1.0000,0.0242,0.9996,0.0242
PLT03,PLT03-L4,2026-10-27,S1,480,0,1.0000,0.0232,0.9993,0.0232
PLT03,PLT03-L4,2026-10-27,S2,480,131,0.7271,0.0331,0.9993,0.0241
PLT03,PLT03-L4,2026-10-27,S3,480,0,1.0000,0.0243,0.9996,0.0243
PLT03,PLT03-L4,2026-10-28,S1,480,0,1.0000,0.0233,0.9994,0.0233
PLT03,PLT03-L4,2026-10-28,S2,480,0,1.0000,0.0238,0.9994,0.0238
PLT03,PLT03-L4,2026-10-28,S3,480,0,1.0000,0.0236,0.9994,0.0235
PLT03,PLT03-L4,2026-10-29,S1,480,101,0.7896,0.0278,0.9993,0.0219
PLT03,PLT03-L4,2026-10-29,S2,480,0,1.0000,0.0249,0.9993,0.0249
PLT03,PLT03-L4,2026-10-29,S3,480,0,1.0000,0.0243,0.9993,0.0242
PLT03,PLT03-L4,2026-10-30,S1,480,0,1.0000,0.0226,0.9994,0.0226
PLT03,PLT03-L4,2026-10-30,S2,480,0,1.0000,0.0229,0.9992,0.0229
PLT03,PLT03-L4,2026-10-30,S3,480,0,1.0000,0.0236,0.9993,0.0236
PLT03,PLT03-L4,2026-10-31,S1,480,81,0.8313,0.0287,0.9994,0.0238
PLT03,PLT03-L4,2026-10-31,S2,480,0,1.0000,0.0230,0.9994,0.0230
PLT03,PLT03-L4,2026-10-31,S3,540,0,1.0000,0.0211,0.9993,0.0211
PLT03,PLT03-L4,2026-11-01,S1,480,0,1.0000,0.0241,0.9992,0.0240
PLT03,PLT03-L4,2026-11-01,S2,480,0,1.0000,0.0247,0.9994,0.0247
PLT03,PLT03-L4,2026-11-01,S3,480,0,1.0000,0.0243,0.9992,0.0243
PLT03,PLT03-L4,2026-11-02,S1,480,0,1.0000,0.0229,0.9993,0.0228
PLT03,PLT03-L4,2026-11-02,S2,480,0,1.0000,0.0247,0.9993,0.0247
PLT03,PLT03-L4,2026-11-02,S3,480,0,1.0000,0.0236,0.9994,0.0236
PLT03,PLT03-L4,2026-11-03,S1,480,0,1.0000,0.0238,0.9994,0.0238
PLT03,PLT03-L4,2026-11-03,S2,480,0,1.0000,0.0218,0.9994,0.0217
PLT03,PLT03-L4,2026-11-03,S3,480,0,1.0000,0.0251,0.9993,0.0250
PLT03,PLT03-L4,2026-11-04,S1,480,0,1.0000,0.0228,0.9993,0.0227
PLT03,PLT03-L4,2026-11-04,S2,480,0,1.0000,0.0237,0.9995,0.0237
PLT03,PLT03-L4,2026-11-04,S3,480,0,1.0000,0.0236,0.9993,0.0235
PLT03,PLT03-L4,2026-11-05,S1,480,0,1.0000,0.0235,0.9992,0.0235
PLT03,PLT03-L4,2026-11-05,S2,480,0,1.0000,0.0230,0.9994,0.0230
PLT03,PLT03-L4,2026-11-05,S3,480,140,0.7083,0.0310,0.9992,0.0220
PLT03,PLT03-L4,2026-11-06,S1,480,0,1.0000,0.0241,0.9993,0.0241
PLT03,PLT03-L4,2026-11-06,S2,480,0,1.0000,0.0229,0.9994,0.0229
PLT03,PLT03-L4,2026-11-06,S3,480,48,0.9000,0.0257,0.9994,0.0231
PLT03,PLT03-L4,2026-11-07,S1,480,0,1.0000,0.0242,0.9993,0.0241
PLT03,PLT03-L4,2026-11-07,S2,480,0,1.0000,0.0238,0.9992,0.0237
PLT03,PLT03-L4,2026-11-07,S3,480,0,1.0000,0.0236,0.9992,0.0236
PLT03,PLT03-L4,2026-11-08,S1,480,0,1.0000,0.0241,0.9995,0.0241
PLT03,PLT03-L4,2026-11-08,S2,480,0,1.0000,0.0238,0.9994,0.0238
PLT03,PLT03-L4,2026-11-08,S3,480,0,1.0000,0.0233,0.9992,0.0233
PLT03,PLT03-L4,2026-11-09,S1,480,0,1.0000,0.0242,0.9992,0.0241
PLT03,PLT03-L4,2026-11-09,S2,480,77,0.8396,0.0283,0.9994,0.0238
PLT03,PLT03-L4,2026-11-09,S3,480,0,1.0000,0.0231,0.9994,0.0231
PLT03,PLT03-L4,2026-11-10,S1,480,33,0.9313,0.0243,0.9993,0.0226
PLT03,PLT03-L4,2026-11-10,S2,480,0,1.0000,0.0243,0.9994,0.0243
PLT03,PLT03-L4,2026-11-10,S3,480,0,1.0000,0.0215,0.9996,0.0215
PLT03,PLT03-L4,2026-11-11,S1,480,0,1.0000,0.0243,0.9995,0.0243
PLT03,PLT03-L4,2026-11-11,S2,480,0,1.0000,0.0233,0.9991,0.0233
PLT03,PLT03-L4,2026-11-11,S3,480,0,1.0000,0.0242,0.9995,0.0242
PLT03,PLT03-L4,2026-11-12,S1,480,0,1.0000,0.0235,0.9994,0.0234
PLT03,PLT03-L4,2026-11-12,S2,480,0,1.0000,0.0235,0.9993,0.0235
PLT03,PLT03-L4,2026-11-12,S3,480,0,1.0000,0.0235,0.9993,0.0235
PLT03,PLT03-L4,2026-11-13,S1,480,43,0.9104,0.0272,0.9993,0.0248
PLT03,PLT03-L4,2026-11-13,S2,480,0,1.0000,0.0232,0.9994,0.0232
PLT03,PLT03-L4,2026-11-13,S3,480,0,1.0000,0.0235,0.9993,0.0235
PLT03,PLT03-L4,2026-11-14,S1,480,78,0.8375,0.0290,0.9994,0.0242
PLT03,PLT03-L4,2026-11-14,S2,480,0,1.0000,0.0239,0.9995,0.0238
PLT03,PLT03-L4,2026-11-14,S3,480,0,1.0000,0.0248,0.9991,0.0248
PLT03,PLT03-L4,2026-11-15,S1,480,30,0.9375,0.0259,0.9993,0.0243
PLT03,PLT03-L4,2026-11-15,S2,480,39,0.9188,0.0263,0.9995,0.0241
PLT03,PLT03-L4,2026-11-15,S3,480,0,1.0000,0.0239,0.9992,0.0239
PLT04,PLT04-L1,2026-10-19,S1,480,14,0.9708,0.0264,0.9993,0.0256
PLT04,PLT04-L1,2026-10-19,S2,480,0,1.0000,0.0233,0.9991,0.0233
PLT04,PLT04-L1,2026-10-19,S3,480,0,1.0000,0.0233,0.9993,0.0233
PLT04,PLT04-L1,2026-10-20,S1,480,0,1.0000,0.0240,0.9992,0.0239
PLT04,PLT04-L1,2026-10-20,S2,480,0,1.0000,0.0243,0.9994,0.0243
PLT04,PLT04-L1,2026-10-20,S3,480,0,1.0000,0.0248,0.9994,0.0248
PLT04,PLT04-L1,2026-10-21,S1,480,0,1.0000,0.0229,0.9994,0.0228
PLT04,PLT04-L1,2026-10-21,S2,480,0,1.0000,0.0247,0.9993,0.0247
PLT04,PLT04-L1,2026-10-21,S3,480,0,1.0000,0.0219,0.9993,0.0218
PLT04,PLT04-L1,2026-10-22,S1,480,44,0.9083,0.0246,0.9993,0.0223
PLT04,PLT04-L1,2026-10-22,S2,480,112,0.7667,0.0312,0.9992,0.0239
PLT04,PLT04-L1,2026-10-22,S3,480,0,1.0000,0.0249,0.9992,0.0249
PLT04,PLT04-L1,2026-10-23,S1,480,0,1.0000,0.0233,0.9994,0.0233
PLT04,PLT04-L1,2026-10-23,S2,480,105,0.7813,0.0286,0.9994,0.0223
PLT04,PLT04-L1,2026-10-23,S3,480,20,0.9583,0.0239,0.9995,0.0229
PLT04,PLT04-L1,2026-10-24,S1,480,0,1.0000,0.0230,0.9992,0.0230
PLT04,PLT04-L1,2026-10-24,S2,480,0,1.0000,0.0227,0.9994,0.0227
PLT04,PLT04-L1,2026-10-24,S3,480,55,0.8854,0.0263,0.9993,0.0232
PLT04,PLT04-L1,2026-10-25,S1,480,0,1.0000,0.0233,0.9992,0.0233
PLT04,PLT04-L1,2026-10-25,S2,480,12,0.9750,0.0232,0.9992,0.0226
PLT04,PLT04-L1,2026-10-25,S3,480,105,0.7813,0.0313,0.9993,0.0245
PLT04,PLT04-L1,2026-10-26,S1,480,1,0.9979,0.0246,0.9992,0.0245
PLT04,PLT04-L1,2026-10-26,S2,480,0,1.0000,0.0243,0.9994,0.0243
PLT04,PLT04-L1,2026-10-26,S3,480,0,1.0000,0.0237,0.9994,0.0236
PLT04,PLT04-L1,2026-10-27,S1,480,0,1.0000,0.0235,0.9994,0.0235
PLT04,PLT04-L1,2026-10-27,S2,480,0,1.0000,0.0244,0.9994,0.0243
PLT04,PLT04-L1,2026-10-27,S3,480,0,1.0000,0.0228,0.9993,0.0228
PLT04,PLT04-L1,2026-10-28,S1,480,0,1.0000,0.0235,0.9992,0.0235
PLT04,PLT04-L1,2026-10-28,S2,480,0,1.0000,0.0230,0.9991,0.0230
PLT04,PLT04-L1,2026-10-28,S3,480,0,1.0000,0.0206,0.9992,0.0206
PLT04,PLT04-L1,2026-10-29,S1,480,0,1.0000,0.0250,0.9995,0.0250
PLT04,PLT04-L1,2026-10-29,S2,480,0,1.0000,0.0235,0.9993,0.0235
PLT04,PLT04-L1,2026-10-29,S3,480,0,1.0000,0.0240,0.9994,0.0239
PLT04,PLT04-L1,2026-10-30,S1,480,0,1.0000,0.0242,0.9993,0.0241
PLT04,PLT04-L1,2026-10-30,S2,480,48,0.9000,0.0262,0.9994,0.0236
PLT04,PLT04-L1,2026-10-30,S3,480,0,1.0000,0.0241,0.9995,0.0241
PLT04,PLT04-L1,2026-10-31,S1,480,58,0.8792,0.0261,0.9995,0.0230
PLT04,PLT04-L1,2026-10-31,S2,480,0,1.0000,0.0248,0.9992,0.0247
PLT04,PLT04-L1,2026-10-31,S3,480,0,1.0000,0.0246,0.9994,0.0246
PLT04,PLT04-L1,2026-11-01,S1,480,0,1.0000,0.0232,0.9992,0.0232
PLT04,PLT04-L1,2026-11-01,S2,480,0,1.0000,0.0233,0.9990,0.0233
PLT04,PLT04-L1,2026-11-01,S3,480,0,1.0000,0.0237,0.9993,0.0237
PLT04,PLT04-L1,2026-11-02,S1,480,124,0.7417,0.0325,0.9992,0.0241
PLT04,PLT04-L1,2026-11-02,S2,480,0,1.0000,0.0230,0.9993,0.0230
PLT04,PLT04-L1,2026-11-02,S3,480,0,1.0000,0.0242,0.9994,0.0242
PLT04,PLT04-L1,2026-11-03,S1,480,0,1.0000,0.0237,0.9994,0.0237
PLT04,PLT04-L1,2026-11-03,S2,480,0,1.0000,0.0230,0.9991,0.0230
PLT04,PLT04-L1,2026-11-03,S3,480,76,0.8417,0.0285,0.9992,0.0240
PLT04,PLT04-L1,2026-11-04,S1,480,0,1.0000,0.0232,0.9991,0.0232
PLT04,PLT04-L1,2026-11-04,S2,480,0,1.0000,0.0234,0.9993,0.0234
PLT04,PLT04-L1,2026-11-04,S3,480,0,1.0000,0.0242,0.9995,0.0242
PLT04,PLT04-L1,2026-11-05,S1,480,0,1.0000,0.0248,0.9993,0.0248
PLT04,PLT04-L1,2026-11-05,S2,480,0,1.0000,0.0236,0.9992,0.0235
PLT04,PLT04-L1,2026-11-05,S3,480,0,1.0000,0.0223,0.9991,0.0223
PLT04,PLT04-L1,2026-11-06,S1,480,0,1.0000,0.0246,0.9993,0.0246
PLT04,PLT04-L1,2026-11-06,S2,480,0,1.0000,0.0239,0.9994,0.0239
PLT04,PLT04-L1,2026-11-06,S3,480,64,0.8667,0.0255,0.9992,0.0221
PLT04,PLT04-L1,2026-11-07,S1,480,0,1.0000,0.0236,0.9993,0.0236
PLT04,PLT04-L1,2026-11-07,S2,480,0,1.0000,0.0241,0.9993,0.0241
PLT04,PLT04-L1,2026-11-07,S3,480,0,1.0000,0.0256,0.9996,0.0255
PLT04,PLT04-L1,2026-11-08,S1,480,0,1.0000,0.0228,0.9992,0.0228
PLT04,PLT04-L1,2026-11-08,S2,480,0,1.0000,0.0234,0.9993,0.0234
PLT04,PLT04-L1,2026-11-08,S3,480,105,0.7813,0.0307,0.9994,0.0239
PLT04,PLT04-L1,2026-11-09,S1,480,0,1.0000,0.0240,0.9995,0.0240
PLT04,PLT04-L1,2026-11-09,S2,480,0,1.0000,0.0231,0.9993,0.0231
PLT04,PLT04-L1,2026-11-09,S3,480,0,1.0000,0.0239,0.9993,0.0239
PLT04,PLT04-L1,2026-11-10,S1,480,0,1.0000,0.0234,0.9993,0.0234
PLT04,PLT04-L1,2026-11-10,S2,480,0,1.0000,0.0207,0.9992,0.0207
PLT04,PLT04-L1,2026-11-10,S3,480,0,1.0000,0.0250,0.9995,0.0250
PLT04,PLT04-L1,2026-11-11,S1,480,0,1.0000,0.0235,0.9994,0.0235
PLT04,PLT04-L1,2026-11-11,S2,480,0,1.0000,0.0237,0.9994,0.0237
PLT04,PLT04-L1,2026-11-11,S3,480,0,1.0000,0.0229,0.9993,0.0229
PLT04,PLT04-L1,2026-11-12,S1,480,0,1.0000,0.0241,0.9994,0.0241
PLT04,PLT04-L1,2026-11-12,S2,480,0,1.0000,0.0222,0.9993,0.0222
PLT04,PLT04-L1,2026-11-12,S3,480,0,1.0000,0.0225,0.9993,0.0225
PLT04,PLT04-L1,2026-11-13,S1,480,0,1.0000,0.0249,0.9993,0.0249
PLT04,PLT04-L1,2026-11-13,S2,480,0,1.0000,0.0225,0.9992,0.0225
PLT04,PLT04-L1,2026-11-13,S3,480,27,0.9438,0.0255,0.9995,0.0241
PLT04,PLT04-L1,2026-11-14,S1,480,0,1.0000,0.0236,0.9992,0.0236
PLT04,PLT04-L1,2026-11-14,S2,480,115,0.7604,0.0304,0.9993,0.0231
PLT04,PLT04-L1,2026-11-14,S3,480,0,1.0000,0.0228,0.9992,0.0227
PLT04,PLT04-L1,2026-11-15,S1,480,0,1.0000,0.0222,0.9991,0.0222
PLT04,PLT04-L1,2026-11-15,S2,480,0,1.0000,0.0217,0.9992,0.0217
PLT04,PLT04-L1,2026-11-15,S3,480,0,1.0000,0.0240,0.9993,0.0239
PLT04,PLT04-L2,2026-10-19,S1,480,0,1.0000,0.0221,0.9995,0.0221
PLT04,PLT04-L2,2026-10-19,S2,480,0,1.0000,0.0236,0.9994,0.0236
PLT04,PLT04-L2,2026-10-19,S3,480,61,0.8729,0.0272,0.9996,0.0237
PLT04,PLT04-L2,2026-10-20,S1,480,0,1.0000,0.0254,0.9995,0.0254
PLT04,PLT04-L2,2026-10-20,S2,480,0,1.0000,0.0229,0.9995,0.0229
PLT04,PLT04-L2,2026-10-20,S3,480,0,1.0000,0.0239,0.9995,0.0239
PLT04,PLT04-L2,2026-10-21,S1,480,0,1.0000,0.0236,0.9995,0.0236
PLT04,PLT04-L2,2026-10-21,S2,480,64,0.8667,0.0278,0.9995,0.0241
PLT04,PLT04-L2,2026-10-21,S3,480,31,0.9354,0.0259,0.9995,0.0242
PLT04,PLT04-L2,2026-10-22,S1,480,30,0.9375,0.0241,0.9995,0.0225
PLT04,PLT04-L2,2026-10-22,S2,480,45,0.9063,0.0256,0.9994,0.0232
PLT04,PLT04-L2,2026-10-22,S3,480,46,0.9042,0.0255,0.9995,0.0231
PLT04,PLT04-L2,2026-10-23,S1,480,0,1.0000,0.0223,0.9994,0.0223
PLT04,PLT04-L2,2026-10-23,S2,480,0,1.0000,0.0242,0.9994,0.0242
PLT04,PLT04-L2,2026-10-23,S3,480,0,1.0000,0.0240,0.9996,0.0240
PLT04,PLT04-L2,2026-10-24,S1,480,0,1.0000,0.0248,0.9995,0.0248
PLT04,PLT04-L2,2026-10-24,S2,480,0,1.0000,0.0244,0.9996,0.0244
PLT04,PLT04-L2,2026-10-24,S3,480,55,0.8854,0.0274,0.9995,0.0242
PLT04,PLT04-L2,2026-10-25,S1,480,0,1.0000,0.0223,0.9997,0.0223
PLT04,PLT04-L2,2026-10-25,S2,480,0,1.0000,0.0222,0.9996,0.0222
PLT04,PLT04-L2,2026-10-25,S3,480,78,0.8375,0.0281,0.9994,0.0235
PLT04,PLT04-L2,2026-10-26,S1,480,1,0.9979,0.0242,0.9994,0.0241
PLT04,PLT04-L2,2026-10-26,S2,480,0,1.0000,0.0239,0.9995,0.0239
PLT04,PLT04-L2,2026-10-26,S3,480,0,1.0000,0.0236,0.9996,0.0236
PLT04,PLT04-L2,2026-10-27,S1,480,0,1.0000,0.0230,0.9994,0.0230
PLT04,PLT04-L2,2026-10-27,S2,480,0,1.0000,0.0236,0.9994,0.0236
PLT04,PLT04-L2,2026-10-27,S3,480,92,0.8083,0.0310,0.9996,0.0250
PLT04,PLT04-L2,2026-10-28,S1,480,7,0.9854,0.0231,0.9996,0.0228
PLT04,PLT04-L2,2026-10-28,S2,480,0,1.0000,0.0244,0.9993,0.0244
PLT04,PLT04-L2,2026-10-28,S3,480,0,1.0000,0.0237,0.9995,0.0237
PLT04,PLT04-L2,2026-10-29,S1,480,0,1.0000,0.0213,0.9994,0.0213
PLT04,PLT04-L2,2026-10-29,S2,480,0,1.0000,0.0243,0.9994,0.0243
PLT04,PLT04-L2,2026-10-29,S3,480,0,1.0000,0.0233,0.9994,0.0232
PLT04,PLT04-L2,2026-10-30,S1,480,0,1.0000,0.0256,0.9994,0.0256
PLT04,PLT04-L2,2026-10-30,S2,480,0,1.0000,0.0236,0.9993,0.0236
PLT04,PLT04-L2,2026-10-30,S3,480,0,1.0000,0.0237,0.9993,0.0237
PLT04,PLT04-L2,2026-10-31,S1,480,0,1.0000,0.0236,0.9996,0.0236
PLT04,PLT04-L2,2026-10-31,S2,480,109,0.7729,0.0293,0.9995,0.0226
PLT04,PLT04-L2,2026-10-31,S3,480,26,0.9458,0.0252,0.9994,0.0238
PLT04,PLT04-L2,2026-11-01,S1,480,0,1.0000,0.0227,0.9995,0.0227
PLT04,PLT04-L2,2026-11-01,S2,480,0,1.0000,0.0243,0.9994,0.0243
PLT04,PLT04-L2,2026-11-01,S3,480,0,1.0000,0.0235,0.9995,0.0234
PLT04,PLT04-L2,2026-11-02,S1,480,0,1.0000,0.0236,0.9995,0.0235
PLT04,PLT04-L2,2026-11-02,S2,480,0,1.0000,0.0250,0.9995,0.0250
PLT04,PLT04-L2,2026-11-02,S3,480,62,0.8708,0.0281,0.9996,0.0245
PLT04,PLT04-L2,2026-11-03,S1,480,0,1.0000,0.0250,0.9994,0.0249
PLT04,PLT04-L2,2026-11-03,S2,480,0,1.0000,0.0231,0.9994,0.0230
PLT04,PLT04-L2,2026-11-03,S3,480,0,1.0000,0.0219,0.9995,0.0219
PLT04,PLT04-L2,2026-11-04,S1,480,0,1.0000,0.0237,0.9994,0.0237
PLT04,PLT04-L2,2026-11-04,S2,480,95,0.8021,0.0302,0.9994,0.0242
PLT04,PLT04-L2,2026-11-04,S3,480,0,1.0000,0.0235,0.9995,0.0235
PLT04,PLT04-L2,2026-11-05,S1,480,0,1.0000,0.0232,0.9994,0.0232
PLT04,PLT04-L2,2026-11-05,S2,480,0,1.0000,0.0238,0.9996,0.0238
PLT04,PLT04-L2,2026-11-05,S3,480,0,1.0000,0.0237,0.9996,0.0237
PLT04,PLT04-L2,2026-11-06,S1,480,76,0.8417,0.0287,0.9996,0.0242
PLT04,PLT04-L2,2026-11-06,S2,480,52,0.8917,0.0273,0.9996,0.0244
PLT04,PLT04-L2,2026-11-06,S3,480,0,1.0000,0.0226,0.9995,0.0226
PLT04,PLT04-L2,2026-11-07,S1,480,0,1.0000,0.0238,0.9995,0.0238
PLT04,PLT04-L2,2026-11-07,S2,480,0,1.0000,0.0244,0.9995,0.0244
PLT04,PLT04-L2,2026-11-07,S3,480,0,1.0000,0.0241,0.9994,0.0241
PLT04,PLT04-L2,2026-11-08,S1,480,0,1.0000,0.0243,0.9993,0.0242
PLT04,PLT04-L2,2026-11-08,S2,480,9,0.9813,0.0236,0.9995,0.0232
PLT04,PLT04-L2,2026-11-08,S3,480,128,0.7333,0.0338,0.9995,0.0248
PLT04,PLT04-L2,2026-11-09,S1,480,0,1.0000,0.0243,0.9994,0.0242
PLT04,PLT04-L2,2026-11-09,S2,480,0,1.0000,0.0229,0.9993,0.0229
PLT04,PLT04-L2,2026-11-09,S3,480,0,1.0000,0.0240,0.9995,0.0240
PLT04,PLT04-L2,2026-11-10,S1,480,0,1.0000,0.0244,0.9994,0.0244
PLT04,PLT04-L2,2026-11-10,S2,480,134,0.7208,0.0344,0.9995,0.0247
PLT04,PLT04-L2,2026-11-10,S3,480,0,1.0000,0.0241,0.9994,0.0241
PLT04,PLT04-L2,2026-11-11,S1,480,0,1.0000,0.0232,0.9993,0.0232
PLT04,PLT04-L2,2026-11-11,S2,480,0,1.0000,0.0237,0.9995,0.0237
PLT04,PLT04-L2,2026-11-11,S3,480,50,0.8958,0.0264,0.9995,0.0237
PLT04,PLT04-L2,2026-11-12,S1,480,0,1.0000,0.0247,0.9997,0.0247
PLT04,PLT04-L2,2026-11-12,S2,480,0,1.0000,0.0233,0.9994,0.0233
PLT04,PLT04-L2,2026-11-12,S3,480,0,1.0000,0.0245,0.9995,0.0245
PLT04,PLT04-L2,2026-11-13,S1,480,104,0.7833,0.0291,0.9995,0.0228
PLT04,PLT04-L2,2026-11-13,S2,480,0,1.0000,0.0237,0.9994,0.0237
PLT04,PLT04-L2,2026-11-13,S3,480,0,1.0000,0.0233,0.9995,0.0233
PLT04,PLT04-L2,2026-11-14,S1,480,0,1.0000,0.0247,0.9994,0.0247
PLT04,PLT04-L2,2026-11-14,S2,480,0,1.0000,0.0234,0.9995,0.0234
PLT04,PLT04-L2,2026-11-14,S3,480,0,1.0000,0.0244,0.9995,0.0244
PLT04,PLT04-L2,2026-11-15,S1,480,0,1.0000,0.0222,0.9996,0.0222
PLT04,PLT04-L2,2026-11-15,S2,480,128,0.7333,0.0325,0.9994,0.0238
PLT04,PLT04-L2,2026-11-15,S3,480,0,1.0000,0.0238,0.9994,0.0238
PLT04,PLT04-L3,2026-10-19,S1,480,0,1.0000,0.0233,0.9994,0.0233
PLT04,PLT04-L3,2026-10-19,S2,480,116,0.7583,0.0322,0.9995,0.0244
PLT04,PLT04-L3,2026-10-19,S3,480,0,1.0000,0.0237,0.9993,0.0237
PLT04,PLT04-L3,2026-10-20,S1,480,67,0.8604,0.0275,0.9994,0.0236
PLT04,PLT04-L3,2026-10-20,S2,480,0,1.0000,0.0235,0.9993,0.0235
PLT04,PLT04-L3,2026-10-20,S3,480,0,1.0000,0.0210,0.9994,0.0209
PLT04,PLT04-L3,2026-10-21,S1,480,0,1.0000,0.0231,0.9994,0.0231
PLT04,PLT04-L3,2026-10-21,S2,480,0,1.0000,0.0243,0.9994,0.0243
PLT04,PLT04-L3,2026-10-21,S3,480,0,1.0000,0.0233,0.9992,0.0233
PLT04,PLT04-L3,2026-10-22,S1,480,30,0.9375,0.0262,0.9993,0.0246
PLT04,PLT04-L3,2026-10-22,S2,480,45,0.9063,0.0248,0.9994,0.0224
PLT04,PLT04-L3,2026-10-22,S3,480,0,1.0000,0.0234,0.9996,0.0234
PLT04,PLT04-L3,2026-10-23,S1,480,0,1.0000,0.0232,0.9995,0.0232
PLT04,PLT04-L3,2026-10-23,S2,480,0,1.0000,0.0221,0.9994,0.0221
PLT04,PLT04-L3,2026-10-23,S3,480,0,1.0000,0.0233,0.9993,0.0233
PLT04,PLT04-L3,2026-10-24,S1,480,0,1.0000,0.0232,0.9993,0.0232
PLT04,PLT04-L3,2026-10-24,S2,480,40,0.9167,0.0259,0.9993,0.0237
PLT04,PLT04-L3,2026-10-24,S3,480,75,0.8438,0.0268,0.9993,0.0226
PLT04,PLT04-L3,2026-10-25,S1,480,0,1.0000,0.0240,0.9993,0.0240
PLT04,PLT04-L3,2026-10-25,S2,480,0,1.0000,0.0231,0.9996,0.0231
PLT04,PLT04-L3,2026-10-25,S3,480,0,1.0000,0.0235,0.9994,0.0234
PLT04,PLT04-L3,2026-10-26,S1,480,1,0.9979,0.0226,0.9994,0.0226
PLT04,PLT04-L3,2026-10-26,S2,480,0,1.0000,0.0241,0.9996,0.0241
PLT04,PLT04-L3,2026-10-26,S3,480,0,1.0000,0.0234,0.9994,0.0234
PLT04,PLT04-L3,2026-10-27,S1,480,0,1.0000,0.0233,0.9995,0.0233
PLT04,PLT04-L3,2026-10-27,S2,480,0,1.0000,0.0249,0.9994,0.0249
PLT04,PLT04-L3,2026-10-27,S3,480,0,1.0000,0.0232,0.9996,0.0232
PLT04,PLT04-L3,2026-10-28,S1,480,0,1.0000,0.0233,0.9994,0.0233
PLT04,PLT04-L3,2026-10-28,S2,480,0,1.0000,0.0235,0.9993,0.0235
PLT04,PLT04-L3,2026-10-28,S3,480,0,1.0000,0.0245,0.9995,0.0245
PLT04,PLT04-L3,2026-10-29,S1,480,0,1.0000,0.0228,0.9995,0.0228
PLT04,PLT04-L3,2026-10-29,S2,480,0,1.0000,0.0244,0.9994,0.0244
PLT04,PLT04-L3,2026-10-29,S3,480,0,1.0000,0.0235,0.9993,0.0234
PLT04,PLT04-L3,2026-10-30,S1,480,0,1.0000,0.0243,0.9995,0.0243
PLT04,PLT04-L3,2026-10-30,S2,480,124,0.7417,0.0315,0.9993,0.0234
PLT04,PLT04-L3,2026-10-30,S3,480,0,1.0000,0.0254,0.9994,0.0254
PLT04,PLT04-L3,2026-10-31,S1,480,26,0.9458,0.0248,0.9992,0.0235
PLT04,PLT04-L3,2026-10-31,S2,480,28,0.9417,0.0254,0.9995,0.0239
PLT04,PLT04-L3,2026-10-31,S3,480,0,1.0000,0.0228,0.9992,0.0227
PLT04,PLT04-L3,2026-11-01,S1,480,0,1.0000,0.0236,0.9995,0.0236
PLT04,PLT04-L3,2026-11-01,S2,480,0,1.0000,0.0246,0.9993,0.0246
PLT04,PLT04-L3,2026-11-01,S3,480,0,1.0000,0.0253,0.9995,0.0253
PLT04,PLT04-L3,2026-11-02,S1,480,0,1.0000,0.0254,0.9995,0.0254
PLT04,PLT04-L3,2026-11-02,S2,480,25,0.9479,0.0244,0.9993,0.0231
PLT04,PLT04-L3,2026-11-02,S3,480,0,1.0000,0.0240,0.9994,0.0240
PLT04,PLT04-L3,2026-11-03,S1,480,116,0.7583,0.0314,0.9993,0.0238
PLT04,PLT04-L3,2026-11-03,S2,480,0,1.0000,0.0247,0.9994,0.0247
PLT04,PLT04-L3,2026-11-03,S3,480,0,1.0000,0.0228,0.9992,0.0228
PLT04,PLT04-L3,2026-11-04,S1,480,0,1.0000,0.0243,0.9993,0.0243
PLT04,PLT04-L3,2026-11-04,S2,480,0,1.0000,0.0228,0.9995,0.0228
PLT04,PLT04-L3,2026-11-04,S3,480,0,1.0000,0.0221,0.9993,0.0221
PLT04,PLT04-L3,2026-11-05,S1,480,0,1.0000,0.0232,0.9994,0.0231
PLT04,PLT04-L3,2026-11-05,S2,480,0,1.0000,0.0230,0.9993,0.0230
PLT04,PLT04-L3,2026-11-05,S3,480,0,1.0000,0.0232,0.9993,0.0231
PLT04,PLT04-L3,2026-11-06,S1,480,86,0.8208,0.0312,0.9996,0.0256
PLT04,PLT04-L3,2026-11-06,S2,480,0,1.0000,0.0240,0.9993,0.0240
PLT04,PLT04-L3,2026-11-06,S3,480,0,1.0000,0.0242,0.9994,0.0242
PLT04,PLT04-L3,2026-11-07,S1,480,28,0.9417,0.0255,0.9993,0.0240
PLT04,PLT04-L3,2026-11-07,S2,480,0,1.0000,0.0215,0.9993,0.0214
PLT04,PLT04-L3,2026-11-07,S3,480,0,1.0000,0.0239,0.9995,0.0239
PLT04,PLT04-L3,2026-11-08,S1,480,0,1.0000,0.0245,0.9994,0.0245
PLT04,PLT04-L3,2026-11-08,S2,480,0,1.0000,0.0240,0.9994,0.0240
PLT04,PLT04-L3,2026-11-08,S3,480,0,1.0000,0.0240,0.9994,0.0240
PLT04,PLT04-L3,2026-11-09,S1,480,0,1.0000,0.0242,0.9996,0.0242
PLT04,PLT04-L3,2026-11-09,S2,480,0,1.0000,0.0239,0.9993,0.0239
PLT04,PLT04-L3,2026-11-09,S3,480,0,1.0000,0.0231,0.9993,0.0230
PLT04,PLT04-L3,2026-11-10,S1,480,0,1.0000,0.0246,0.9995,0.0246
PLT04,PLT04-L3,2026-11-10,S2,480,0,1.0000,0.0240,0.9994,0.0240
PLT04,PLT04-L3,2026-11-10,S3,480,0,1.0000,0.0230,0.9994,0.0230
PLT04,PLT04-L3,2026-11-11,S1,480,0,1.0000,0.0243,0.9995,0.0243
PLT04,PLT04-L3,2026-11-11,S2,480,0,1.0000,0.0235,0.9994,0.0235
PLT04,PLT04-L3,2026-11-11,S3,480,0,1.0000,0.0222,0.9992,0.0222
PLT04,PLT04-L3,2026-11-12,S1,480,104,0.7833,0.0308,0.9994,0.0241
PLT04,PLT04-L3,2026-11-12,S2,480,0,1.0000,0.0233,0.9995,0.0233
PLT04,PLT04-L3,2026-11-12,S3,480,0,1.0000,0.0238,0.9994,0.0238
PLT04,PLT04-L3,2026-11-13,S1,480,0,1.0000,0.0224,0.9994,0.0224
PLT04,PLT04-L3,2026-11-13,S2,480,0,1.0000,0.0227,0.9993,0.0227
PLT04,PLT04-L3,2026-11-13,S3,480,82,0.8292,0.0290,0.9992,0.0240
PLT04,PLT04-L3,2026-11-14,S1,480,137,0.7146,0.0303,0.9994,0.0217
PLT04,PLT04-L3,2026-11-14,S2,480,0,1.0000,0.0247,0.9995,0.0246
PLT04,PLT04-L3,2026-11-14,S3,480,0,1.0000,0.0241,0.9994,0.0241
PLT04,PLT04-L3,2026-11-15,S1,480,0,1.0000,0.0236,0.9994,0.0236
PLT04,PLT04-L3,2026-11-15,S2,480,0,1.0000,0.0244,0.9995,0.0244
PLT04,PLT04-L3,2026-11-15,S3,480,0,1.0000,0.0238,0.9995,0.0238
PLT04,PLT04-L4,2026-10-19,S1,480,55,0.8854,0.0267,0.9993,0.0236
PLT04,PLT04-L4,2026-10-19,S2,480,0,1.0000,0.0247,0.9993,0.0247
PLT04,PLT04-L4,2026-10-19,S3,480,0,1.0000,0.0244,0.9994,0.0244
PLT04,PLT04-L4,2026-10-20,S1,480,92,0.8083,0.0295,0.9992,0.0238
PLT04,PLT04-L4,2026-10-20,S2,480,0,1.0000,0.0247,0.9993,0.0247
PLT04,PLT04-L4,2026-10-20,S3,480,0,1.0000,0.0234,0.9992,0.0233
PLT04,PLT04-L4,2026-10-21,S1,480,114,0.7625,0.0306,0.9993,0.0233
PLT04,PLT04-L4,2026-10-21,S2,480,0,1.0000,0.0235,0.9994,0.0235
PLT04,PLT04-L4,2026-10-21,S3,480,0,1.0000,0.0223,0.9993,0.0223
PLT04,PLT04-L4,2026-10-22,S1,480,30,0.9375,0.0253,0.9995,0.0237
PLT04,PLT04-L4,2026-10-22,S2,480,45,0.9063,0.0265,0.9993,0.0240
PLT04,PLT04-L4,2026-10-22,S3,480,0,1.0000,0.0233,0.9994,0.0232
PLT04,PLT04-L4,2026-10-23,S1,480,0,1.0000,0.0242,0.9994,0.0242
PLT04,PLT04-L4,2026-10-23,S2,480,0,1.0000,0.0226,0.9993,0.0226
PLT04,PLT04-L4,2026-10-23,S3,480,0,1.0000,0.0249,0.9993,0.0249
PLT04,PLT04-L4,2026-10-24,S1,480,0,1.0000,0.0245,0.9995,0.0245
PLT04,PLT04-L4,2026-10-24,S2,480,0,1.0000,0.0237,0.9995,0.0237
PLT04,PLT04-L4,2026-10-24,S3,480,123,0.7438,0.0302,0.9994,0.0225
PLT04,PLT04-L4,2026-10-25,S1,480,109,0.7729,0.0317,0.9994,0.0245
PLT04,PLT04-L4,2026-10-25,S2,480,0,1.0000,0.0235,0.9993,0.0235
PLT04,PLT04-L4,2026-10-25,S3,480,0,1.0000,0.0245,0.9993,0.0244
PLT04,PLT04-L4,2026-10-26,S1,480,1,0.9979,0.0247,0.9994,0.0247
PLT04,PLT04-L4,2026-10-26,S2,480,0,1.0000,0.0246,0.9994,0.0246
PLT04,PLT04-L4,2026-10-26,S3,480,0,1.0000,0.0232,0.9995,0.0232
PLT04,PLT04-L4,2026-10-27,S1,480,67,0.8604,0.0279,0.9992,0.0239
PLT04,PLT04-L4,2026-10-27,S2,480,0,1.0000,0.0248,0.9995,0.0248
PLT04,PLT04-L4,2026-10-27,S3,480,0,1.0000,0.0228,0.9995,0.0228
PLT04,PLT04-L4,2026-10-28,S1,480,0,1.0000,0.0243,0.9993,0.0243
PLT04,PLT04-L4,2026-10-28,S2,480,15,0.9688,0.0240,0.9994,0.0232
PLT04,PLT04-L4,2026-10-28,S3,480,0,1.0000,0.0236,0.9994,0.0236
PLT04,PLT04-L4,2026-10-29,S1,480,0,1.0000,0.0217,0.9995,0.0217
PLT04,PLT04-L4,2026-10-29,S2,480,63,0.8688,0.0281,0.9994,0.0244
PLT04,PLT04-L4,2026-10-29,S3,480,1,0.9979,0.0253,0.9995,0.0252
PLT04,PLT04-L4,2026-10-30,S1,480,0,1.0000,0.0239,0.9994,0.0239
PLT04,PLT04-L4,2026-10-30,S2,480,0,1.0000,0.0229,0.9994,0.0229
PLT04,PLT04-L4,2026-10-30,S3,480,15,0.9688,0.0229,0.9993,0.0222
PLT04,PLT04-L4,2026-10-31,S1,480,0,1.0000,0.0240,0.9994,0.0240
PLT04,PLT04-L4,2026-10-31,S2,480,0,1.0000,0.0220,0.9994,0.0220
PLT04,PLT04-L4,2026-10-31,S3,480,0,1.0000,0.0246,0.9995,0.0246
PLT04,PLT04-L4,2026-11-01,S1,480,0,1.0000,0.0238,0.9992,0.0238
PLT04,PLT04-L4,2026-11-01,S2,480,54,0.8875,0.0272,0.9994,0.0241
PLT04,PLT04-L4,2026-11-01,S3,480,0,1.0000,0.0246,0.9993,0.0246
PLT04,PLT04-L4,2026-11-02,S1,480,0,1.0000,0.0247,0.9993,0.0247
PLT04,PLT04-L4,2026-11-02,S2,480,0,1.0000,0.0241,0.9994,0.0240
PLT04,PLT04-L4,2026-11-02,S3,480,128,0.7333,0.0327,0.9993,0.0240
PLT04,PLT04-L4,2026-11-03,S1,480,0,1.0000,0.0245,0.9993,0.0244
PLT04,PLT04-L4,2026-11-03,S2,480,0,1.0000,0.0241,0.9995,0.0241
PLT04,PLT04-L4,2026-11-03,S3,480,16,0.9667,0.0246,0.9994,0.0237
PLT04,PLT04-L4,2026-11-04,S1,480,0,1.0000,0.0236,0.9994,0.0236
PLT04,PLT04-L4,2026-11-04,S2,480,86,0.8208,0.0285,0.9992,0.0234
PLT04,PLT04-L4,2026-11-04,S3,480,0,1.0000,0.0244,0.9995,0.0244
PLT04,PLT04-L4,2026-11-05,S1,480,0,1.0000,0.0246,0.9995,0.0246
PLT04,PLT04-L4,2026-11-05,S2,480,0,1.0000,0.0232,0.9994,0.0232
PLT04,PLT04-L4,2026-11-05,S3,480,0,1.0000,0.0221,0.9994,0.0221
PLT04,PLT04-L4,2026-11-06,S1,480,0,1.0000,0.0243,0.9995,0.0243
PLT04,PLT04-L4,2026-11-06,S2,480,0,1.0000,0.0227,0.9993,0.0227
PLT04,PLT04-L4,2026-11-06,S3,480,88,0.8167,0.0288,0.9993,0.0235
PLT04,PLT04-L4,2026-11-07,S1,480,0,1.0000,0.0259,0.9996,0.0259
PLT04,PLT04-L4,2026-11-07,S2,480,116,0.7583,0.0307,0.9993,0.0233
PLT04,PLT04-L4,2026-11-07,S3,480,0,1.0000,0.0240,0.9993,0.0239
PLT04,PLT04-L4,2026-11-08,S1,480,0,1.0000,0.0239,0.9995,0.0239
PLT04,PLT04-L4,2026-11-08,S2,480,0,1.0000,0.0246,0.9993,0.0246
PLT04,PLT04-L4,2026-11-08,S3,480,0,1.0000,0.0242,0.9993,0.0242
PLT04,PLT04-L4,2026-11-09,S1,480,0,1.0000,0.0231,0.9993,0.0231
PLT04,PLT04-L4,2026-11-09,S2,480,0,1.0000,0.0238,0.9994,0.0238
PLT04,PLT04-L4,2026-11-09,S3,480,0,1.0000,0.0240,0.9993,0.0240
PLT04,PLT04-L4,2026-11-10,S1,480,98,0.7958,0.0308,0.9994,0.0245
PLT04,PLT04-L4,2026-11-10,S2,480,0,1.0000,0.0252,0.9996,0.0252
PLT04,PLT04-L4,2026-11-10,S3,480,0,1.0000,0.0240,0.9994,0.0240
PLT04,PLT04-L4,2026-11-11,S1,480,0,1.0000,0.0234,0.9993,0.0234
PLT04,PLT04-L4,2026-11-11,S2,480,59,0.8771,0.0270,0.9994,0.0237
PLT04,PLT04-L4,2026-11-11,S3,480,0,1.0000,0.0236,0.9993,0.0236
PLT04,PLT04-L4,2026-11-12,S1,480,0,1.0000,0.0239,0.9993,0.0238
PLT04,PLT04-L4,2026-11-12,S2,480,0,1.0000,0.0241,0.9995,0.0240
PLT04,PLT04-L4,2026-11-12,S3,480,99,0.7938,0.0306,0.9993,0.0242
PLT04,PLT04-L4,2026-11-13,S1,480,0,1.0000,0.0227,0.9993,0.0227
PLT04,PLT04-L4,2026-11-13,S2,480,51,0.8938,0.0245,0.9994,0.0218
PLT04,PLT04-L4,2026-11-13,S3,480,0,1.0000,0.0244,0.9994,0.0244
PLT04,PLT04-L4,2026-11-14,S1,480,0,1.0000,0.0245,0.9994,0.0245
PLT04,PLT04-L4,2026-11-14,S2,480,0,1.0000,0.0235,0.9993,0.0235
PLT04,PLT04-L4,2026-11-14,S3,480,0,1.0000,0.0244,0.9995,0.0244
PLT04,PLT04-L4,2026-11-15,S1,480,0,1.0000,0.0238,0.9995,0.0238
PLT04,PLT04-L4,2026-11-15,S2,480,0,1.0000,0.0229,0.9994,0.0229
PLT04,PLT04-L4,2026-11-15,S3,480,0,1.0000,0.0243,0.9993,0.0242
PLT05,PLT05-L1,2026-10-19,D,720,0,1.0000,0.0159,0.9992,0.0158
PLT05,PLT05-L1,2026-10-19,N,720,0,1.0000,0.0151,0.9992,0.0151
PLT05,PLT05-L1,2026-10-20,D,720,59,0.9181,0.0175,0.9992,0.0161
PLT05,PLT05-L1,2026-10-20,N,720,0,1.0000,0.0157,0.9991,0.0157
PLT05,PLT05-L1,2026-10-21,D,720,0,1.0000,0.0158,0.9991,0.0158
PLT05,PLT05-L1,2026-10-21,N,720,0,1.0000,0.0151,0.9992,0.0151
PLT05,PLT05-L1,2026-10-22,D,720,75,0.8958,0.0176,0.9993,0.0157
PLT05,PLT05-L1,2026-10-22,N,720,0,1.0000,0.0154,0.9991,0.0154
PLT05,PLT05-L1,2026-10-23,D,720,0,1.0000,0.0161,0.9991,0.0160
PLT05,PLT05-L1,2026-10-23,N,720,0,1.0000,0.0152,0.9988,0.0152
PLT05,PLT05-L1,2026-10-24,D,720,0,1.0000,0.0155,0.9993,0.0154
PLT05,PLT05-L1,2026-10-24,N,720,60,0.9167,0.0172,0.9991,0.0158
PLT05,PLT05-L1,2026-10-25,D,720,0,1.0000,0.0165,0.9993,0.0165
PLT05,PLT05-L1,2026-10-25,N,720,0,1.0000,0.0158,0.9993,0.0158
PLT05,PLT05-L1,2026-10-26,D,720,1,0.9986,0.0153,0.9990,0.0153
PLT05,PLT05-L1,2026-10-26,N,720,0,1.0000,0.0159,0.9991,0.0159
PLT05,PLT05-L1,2026-10-27,D,720,8,0.9889,0.0165,0.9991,0.0163
PLT05,PLT05-L1,2026-10-27,N,720,0,1.0000,0.0157,0.9993,0.0157
PLT05,PLT05-L1,2026-10-28,D,720,0,1.0000,0.0159,0.9992,0.0159
PLT05,PLT05-L1,2026-10-28,N,720,86,0.8806,0.0178,0.9990,0.0157
PLT05,PLT05-L1,2026-10-29,D,720,0,1.0000,0.0166,0.9993,0.0166
PLT05,PLT05-L1,2026-10-29,N,720,0,1.0000,0.0156,0.9991,0.0156
PLT05,PLT05-L1,2026-10-30,D,720,0,1.0000,0.0156,0.9992,0.0156
PLT05,PLT05-L1,2026-10-30,N,720,86,0.8806,0.0181,0.9993,0.0160
PLT05,PLT05-L1,2026-10-31,D,720,0,1.0000,0.0158,0.9992,0.0158
PLT05,PLT05-L1,2026-10-31,N,720,0,1.0000,0.0152,0.9992,0.0152
PLT05,PLT05-L1,2026-11-01,D,720,0,1.0000,0.0166,0.9990,0.0166
PLT05,PLT05-L1,2026-11-01,N,720,0,1.0000,0.0159,0.9991,0.0159
PLT05,PLT05-L1,2026-11-02,D,720,0,1.0000,0.0157,0.9991,0.0157
PLT05,PLT05-L1,2026-11-02,N,720,49,0.9319,0.0173,0.9990,0.0161
PLT05,PLT05-L1,2026-11-03,D,720,0,1.0000,0.0158,0.9992,0.0158
PLT05,PLT05-L1,2026-11-03,N,720,0,1.0000,0.0164,0.9993,0.0164
PLT05,PLT05-L1,2026-11-04,D,720,0,1.0000,0.0156,0.9989,0.0156
PLT05,PLT05-L1,2026-11-04,N,720,129,0.8208,0.0195,0.9991,0.0160
PLT05,PLT05-L1,2026-11-05,D,720,0,1.0000,0.0154,0.9991,0.0154
PLT05,PLT05-L1,2026-11-05,N,720,85,0.8819,0.0180,0.9993,0.0158
PLT05,PLT05-L1,2026-11-06,D,720,14,0.9806,0.0158,0.9989,0.0154
PLT05,PLT05-L1,2026-11-06,N,720,0,1.0000,0.0158,0.9991,0.0158
PLT05,PLT05-L1,2026-11-07,D,720,0,1.0000,0.0155,0.9992,0.0155
PLT05,PLT05-L1,2026-11-07,N,720,0,1.0000,0.0162,0.9991,0.0162
PLT05,PLT05-L1,2026-11-08,D,720,0,1.0000,0.0154,0.9991,0.0154
PLT05,PLT05-L1,2026-11-08,N,720,131,0.8181,0.0195,0.9990,0.0159
PLT05,PLT05-L1,2026-11-09,D,720,71,0.9014,0.0176,0.9990,0.0159
PLT05,PLT05-L1,2026-11-09,N,720,0,1.0000,0.0159,0.9991,0.0158
PLT05,PLT05-L1,2026-11-10,D,720,0,1.0000,0.0164,0.9993,0.0164
PLT05,PLT05-L1,2026-11-10,N,720,30,0.9583,0.0163,0.9992,0.0156
PLT05,PLT05-L1,2026-11-11,D,720,0,1.0000,0.0159,0.9992,0.0159
PLT05,PLT05-L1,2026-11-11,N,720,0,1.0000,0.0153,0.9991,0.0153
PLT05,PLT05-L1,2026-11-12,D,720,20,0.9722,0.0159,0.9992,0.0154
PLT05,PLT05-L1,2026-11-12,N,720,0,1.0000,0.0155,0.9990,0.0155
PLT05,PLT05-L1,2026-11-13,D,720,0,1.0000,0.0152,0.9992,0.0152
PLT05,PLT05-L1,2026-11-13,N,720,0,1.0000,0.0158,0.9990,0.0158
PLT05,PLT05-L1,2026-11-14,D,720,0,1.0000,0.0156,0.9991,0.0156
PLT05,PLT05-L1,2026-11-14,N,720,95,0.8681,0.0174,0.9991,0.0151
PLT05,PLT05-L1,2026-11-15,D,720,10,0.9861,0.0155,0.9991,0.0152
PLT05,PLT05-L1,2026-11-15,N,720,0,1.0000,0.0160,0.9994,0.0160
PLT05,PLT05-L2,2026-10-19,D,720,57,0.9208,0.0176,0.9993,0.0162
PLT05,PLT05-L2,2026-10-19,N,720,0,1.0000,0.0158,0.9992,0.0158
PLT05,PLT05-L2,2026-10-20,D,720,0,1.0000,0.0155,0.9992,0.0155
PLT05,PLT05-L2,2026-10-20,N,720,0,1.0000,0.0158,0.9993,0.0158
PLT05,PLT05-L2,2026-10-21,D,720,0,1.0000,0.0155,0.9992,0.0154
PLT05,PLT05-L2,2026-10-21,N,720,30,0.9583,0.0164,0.9993,0.0157
PLT05,PLT05-L2,2026-10-22,D,720,75,0.8958,0.0171,0.9993,0.0153
PLT05,PLT05-L2,2026-10-22,N,720,0,1.0000,0.0151,0.9992,0.0150
PLT05,PLT05-L2,2026-10-23,D,720,0,1.0000,0.0158,0.9993,0.0158
PLT05,PLT05-L2,2026-10-23,N,720,0,1.0000,0.0153,0.9993,0.0153
PLT05,PLT05-L2,2026-10-24,D,720,0,1.0000,0.0169,0.9994,0.0169
PLT05,PLT05-L2,2026-10-24,N,720,105,0.8542,0.0190,0.9994,0.0162
PLT05,PLT05-L2,2026-10-25,D,720,0,1.0000,0.0154,0.9993,0.0154
PLT05,PLT05-L2,2026-10-25,N,720,0,1.0000,0.0152,0.9993,0.0152
PLT05,PLT05-L2,2026-10-26,D,720,1,0.9986,0.0159,0.9992,0.0159
PLT05,PLT05-L2,2026-10-26,N,720,0,1.0000,0.0158,0.9992,0.0157
PLT05,PLT05-L2,2026-10-27,D,720,0,1.0000,0.0156,0.9993,0.0156
PLT05,PLT05-L2,2026-10-27,N,720,0,1.0000,0.0159,0.9993,0.0159
PLT05,PLT05-L2,2026-10-28,D,720,0,1.0000,0.0164,0.9993,0.0164
PLT05,PLT05-L2,2026-10-28,N,720,93,0.8708,0.0185,0.9993,0.0161
PLT05,PLT05-L2,2026-10-29,D,720,35,0.9514,0.0166,0.9992,0.0158
PLT05,PLT05-L2,2026-10-29,N,720,0,1.0000,0.0160,0.9993,0.0159
PLT05,PLT05-L2,2026-10-30,D,720,0,1.0000,0.0158,0.9991,0.0158
PLT05,PLT05-L2,2026-10-30,N,720,0,1.0000,0.0154,0.9994,0.0153
PLT05,PLT05-L2,2026-10-31,D,720,0,1.0000,0.0159,0.9993,0.0159
PLT05,PLT05-L2,2026-10-31,N,720,0,1.0000,0.0157,0.9993,0.0157
PLT05,PLT05-L2,2026-11-01,D,720,0,1.0000,0.0164,0.9993,0.0164
PLT05,PLT05-L2,2026-11-01,N,720,0,1.0000,0.0155,0.9991,0.0155
PLT05,PLT05-L2,2026-11-02,D,720,0,1.0000,0.0164,0.9995,0.0164
PLT05,PLT05-L2,2026-11-02,N,720,53,0.9264,0.0174,0.9994,0.0161
PLT05,PLT05-L2,2026-11-03,D,720,0,1.0000,0.0157,0.9994,0.0157
PLT05,PLT05-L2,2026-11-03,N,720,0,1.0000,0.0158,0.9993,0.0158
PLT05,PLT05-L2,2026-11-04,D,720,0,1.0000,0.0155,0.9995,0.0155
PLT05,PLT05-L2,2026-11-04,N,720,0,1.0000,0.0160,0.9993,0.0160
PLT05,PLT05-L2,2026-11-05,D,720,124,0.8278,0.0195,0.9994,0.0161
PLT05,PLT05-L2,2026-11-05,N,720,0,1.0000,0.0162,0.9994,0.0162
PLT05,PLT05-L2,2026-11-06,D,720,45,0.9375,0.0171,0.9994,0.0161
PLT05,PLT05-L2,2026-11-06,N,720,13,0.9819,0.0162,0.9993,0.0159
PLT05,PLT05-L2,2026-11-07,D,720,0,1.0000,0.0155,0.9993,0.0155
PLT05,PLT05-L2,2026-11-07,N,720,0,1.0000,0.0153,0.9993,0.0153
PLT05,PLT05-L2,2026-11-08,D,720,76,0.8944,0.0179,0.9993,0.0160
PLT05,PLT05-L2,2026-11-08,N,720,0,1.0000,0.0162,0.9993,0.0162
PLT05,PLT05-L2,2026-11-09,D,720,0,1.0000,0.0165,0.9994,0.0165
PLT05,PLT05-L2,2026-11-09,N,720,0,1.0000,0.0158,0.9993,0.0158
PLT05,PLT05-L2,2026-11-10,D,720,37,0.9486,0.0167,0.9993,0.0158
PLT05,PLT05-L2,2026-11-10,N,720,69,0.9042,0.0179,0.9994,0.0162
PLT05,PLT05-L2,2026-11-11,D,720,0,1.0000,0.0158,0.9993,0.0158
PLT05,PLT05-L2,2026-11-11,N,720,0,1.0000,0.0164,0.9993,0.0164
PLT05,PLT05-L2,2026-11-12,D,720,0,1.0000,0.0162,0.9994,0.0162
PLT05,PLT05-L2,2026-11-12,N,720,0,1.0000,0.0158,0.9993,0.0157
PLT05,PLT05-L2,2026-11-13,D,720,0,1.0000,0.0153,0.9993,0.0152
PLT05,PLT05-L2,2026-11-13,N,720,55,0.9236,0.0168,0.9992,0.0155
PLT05,PLT05-L2,2026-11-14,D,720,0,1.0000,0.0158,0.9992,0.0158
PLT05,PLT05-L2,2026-11-14,N,720,0,1.0000,0.0154,0.9994,0.0154
PLT05,PLT05-L2,2026-11-15,D,720,0,1.0000,0.0161,0.9994,0.0161
PLT05,PLT05-L2,2026-11-15,N,720,0,1.0000,0.0161,0.9994,0.0161
PLT05,PLT05-L3,2026-10-19,D,720,0,1.0000,0.0160,0.9993,0.0160
PLT05,PLT05-L3,2026-10-19,N,720,0,1.0000,0.0164,0.9994,0.0164
PLT05,PLT05-L3,2026-10-20,D,720,0,1.0000,0.0157,0.9993,0.0157
PLT05,PLT05-L3,2026-10-20,N,720,17,0.9764,0.0162,0.9992,0.0158
PLT05,PLT05-L3,2026-10-21,D,720,117,0.8375,0.0187,0.9992,0.0156
PLT05,PLT05-L3,2026-10-21,N,720,0,1.0000,0.0155,0.9991,0.0155
PLT05,PLT05-L3,2026-10-22,D,720,75,0.8958,0.0175,0.9992,0.0157
PLT05,PLT05-L3,2026-10-22,N,720,0,1.0000,0.0152,0.9991,0.0152
PLT05,PLT05-L3,2026-10-23,D,720,0,1.0000,0.0159,0.9992,0.0159
PLT05,PLT05-L3,2026-10-23,N,720,0,1.0000,0.0157,0.9991,0.0157
PLT05,PLT05-L3,2026-10-24,D,720,0,1.0000,0.0160,0.9994,0.0160
PLT05,PLT05-L3,2026-10-24,N,720,153,0.7875,0.0198,0.9992,0.0155
PLT05,PLT05-L3,2026-10-25,D,720,0,1.0000,0.0149,0.9991,0.0148
PLT05,PLT05-L3,2026-10-25,N,720,0,1.0000,0.0156,0.9993,0.0156
PLT05,PLT05-L3,2026-10-26,D,720,85,0.8819,0.0186,0.9993,0.0163
PLT05,PLT05-L3,2026-10-26,N,720,0,1.0000,0.0155,0.9992,0.0155
PLT05,PLT05-L3,2026-10-27,D,720,38,0.9472,0.0172,0.9991,0.0163
PLT05,PLT05-L3,2026-10-27,N,720,0,1.0000,0.0161,0.9992,0.0161
PLT05,PLT05-L3,2026-10-28,D,720,0,1.0000,0.0163,0.9992,0.0163
PLT05,PLT05-L3,2026-10-28,N,720,5,0.9931,0.0155,0.9991,0.0153
PLT05,PLT05-L3,2026-10-29,D,720,0,1.0000,0.0147,0.9992,0.0147
PLT05,PLT05-L3,2026-10-29,N,720,0,1.0000,0.0159,0.9993,0.0159
PLT05,PLT05-L3,2026-10-30,D,720,58,0.9194,0.0164,0.9991,0.0150
PLT05,PLT05-L3,2026-10-30,N,720,0,1.0000,0.0156,0.9992,0.0156
PLT05,PLT05-L3,2026-10-31,D,720,99,0.8625,0.0187,0.9993,0.0161
PLT05,PLT05-L3,2026-10-31,N,720,0,1.0000,0.0158,0.9993,0.0158
PLT05,PLT05-L3,2026-11-01,D,720,0,1.0000,0.0158,0.9993,0.0158
PLT05,PLT05-L3,2026-11-01,N,720,39,0.9458,0.0177,0.9994,0.0167
PLT05,PLT05-L3,2026-11-02,D,720,0,1.0000,0.0150,0.9993,0.0150
PLT05,PLT05-L3,2026-11-02,N,720,0,1.0000,0.0156,0.9992,0.0156
PLT05,PLT05-L3,2026-11-03,D,720,0,1.0000,0.0157,0.9992,0.0157
PLT05,PLT05-L3,2026-11-03,N,720,0,1.0000,0.0153,0.9992,0.0153
PLT05,PLT05-L3,2026-11-04,D,720,53,0.9264,0.0168,0.9994,0.0156
PLT05,PLT05-L3,2026-11-04,N,720,0,1.0000,0.0152,0.9993,0.0152
PLT05,PLT05-L3,2026-11-05,D,720,0,1.0000,0.0164,0.9992,0.0164
PLT05,PLT05-L3,2026-11-05,N,720,108,0.8500,0.0180,0.9993,0.0153
PLT05,PLT05-L3,2026-11-06,D,720,0,1.0000,0.0160,0.9994,0.0160
PLT05,PLT05-L3,2026-11-06,N,720,0,1.0000,0.0155,0.9992,0.0155
PLT05,PLT05-L3,2026-11-07,D,720,0,1.0000,0.0162,0.9993,0.0162
PLT05,PLT05-L3,2026-11-07,N,720,101,0.8597,0.0190,0.9993,0.0163
PLT05,PLT05-L3,2026-11-08,D,720,0,1.0000,0.0165,0.9993,0.0165
PLT05,PLT05-L3,2026-11-08,N,720,0,1.0000,0.0151,0.9993,0.0151
PLT05,PLT05-L3,2026-11-09,D,720,0,1.0000,0.0145,0.9991,0.0144
PLT05,PLT05-L3,2026-11-09,N,720,0,1.0000,0.0158,0.9992,0.0158
PLT05,PLT05-L3,2026-11-10,D,720,16,0.9778,0.0160,0.9991,0.0156
PLT05,PLT05-L3,2026-11-10,N,720,0,1.0000,0.0156,0.9994,0.0156
PLT05,PLT05-L3,2026-11-11,D,720,0,1.0000,0.0153,0.9990,0.0153
PLT05,PLT05-L3,2026-11-11,N,720,67,0.9069,0.0173,0.9991,0.0156
PLT05,PLT05-L3,2026-11-12,D,720,0,1.0000,0.0161,0.9992,0.0161
PLT05,PLT05-L3,2026-11-12,N,720,10,0.9861,0.0155,0.9993,0.0153
PLT05,PLT05-L3,2026-11-13,D,720,0,1.0000,0.0155,0.9991,0.0155
PLT05,PLT05-L3,2026-11-13,N,720,0,1.0000,0.0153,0.9992,0.0153
PLT05,PLT05-L3,2026-11-14,D,720,0,1.0000,0.0156,0.9993,0.0156
PLT05,PLT05-L3,2026-11-14,N,720,0,1.0000,0.0154,0.9991,0.0153
PLT05,PLT05-L3,2026-11-15,D,720,644,0.1056,0.1537,0.9992,0.0162
PLT05,PLT05-L3,2026-11-15,N,720,180,0.7500,0.0203,0.9993,0.0152
PLT05,PLT05-L4,2026-10-19,D,720,0,1.0000,0.0161,0.9994,0.0161
PLT05,PLT05-L4,2026-10-19,N,720,0,1.0000,0.0156,0.9993,0.0156
PLT05,PLT05-L4,2026-10-20,D,720,34,0.9528,0.0163,0.9993,0.0155
PLT05,PLT05-L4,2026-10-20,N,720,24,0.9667,0.0162,0.9993,0.0157
PLT05,PLT05-L4,2026-10-21,D,720,0,1.0000,0.0157,0.9992,0.0157
PLT05,PLT05-L4,2026-10-21,N,720,0,1.0000,0.0159,0.9994,0.0158
PLT05,PLT05-L4,2026-10-22,D,720,75,0.8958,0.0176,0.9993,0.0157
PLT05,PLT05-L4,2026-10-22,N,720,56,0.9222,0.0174,0.9994,0.0160
PLT05,PLT05-L4,2026-10-23,D,720,0,1.0000,0.0153,0.9995,0.0153
PLT05,PLT05-L4,2026-10-23,N,720,0,1.0000,0.0161,0.9993,0.0161
PLT05,PLT05-L4,2026-10-24,D,720,24,0.9667,0.0164,0.9995,0.0158
PLT05,PLT05-L4,2026-10-24,N,720,55,0.9236,0.0161,0.9993,0.0149
PLT05,PLT05-L4,2026-10-25,D,720,0,1.0000,0.0155,0.9994,0.0155
PLT05,PLT05-L4,2026-10-25,N,720,96,0.8667,0.0176,0.9993,0.0152
PLT05,PLT05-L4,2026-10-26,D,720,6,0.9917,0.0161,0.9993,0.0159
PLT05,PLT05-L4,2026-10-26,N,720,97,0.8653,0.0181,0.9993,0.0157
PLT05,PLT05-L4,2026-10-27,D,720,0,1.0000,0.0150,0.9994,0.0149
PLT05,PLT05-L4,2026-10-27,N,720,0,1.0000,0.0160,0.9994,0.0160
PLT05,PLT05-L4,2026-10-28,D,720,0,1.0000,0.0158,0.9994,0.0158
PLT05,PLT05-L4,2026-10-28,N,720,29,0.9597,0.0165,0.9994,0.0159
PLT05,PLT05-L4,2026-10-29,D,720,0,1.0000,0.0158,0.9993,0.0158
PLT05,PLT05-L4,2026-10-29,N,720,0,1.0000,0.0169,0.9994,0.0169
PLT05,PLT05-L4,2026-10-30,D,720,0,1.0000,0.0164,0.9993,0.0164
PLT05,PLT05-L4,2026-10-30,N,720,0,1.0000,0.0156,0.9993,0.0156
PLT05,PLT05-L4,2026-10-31,D,720,0,1.0000,0.0157,0.9994,0.0157
PLT05,PLT05-L4,2026-10-31,N,720,105,0.8542,0.0191,0.9995,0.0163
PLT05,PLT05-L4,2026-11-01,D,720,0,1.0000,0.0154,0.9995,0.0154
PLT05,PLT05-L4,2026-11-01,N,720,0,1.0000,0.0142,0.9991,0.0142
PLT05,PLT05-L4,2026-11-02,D,720,32,0.9556,0.0166,0.9993,0.0159
PLT05,PLT05-L4,2026-11-02,N,720,0,1.0000,0.0162,0.9993,0.0162
PLT05,PLT05-L4,2026-11-03,D,720,0,1.0000,0.0159,0.9994,0.0159
PLT05,PLT05-L4,2026-11-03,N,720,0,1.0000,0.0152,0.9993,0.0152
PLT05,PLT05-L4,2026-11-04,D,720,5,0.9931,0.0164,0.9993,0.0163
PLT05,PLT05-L4,2026-11-04,N,720,50,0.9306,0.0180,0.9995,0.0167
PLT05,PLT05-L4,2026-11-05,D,720,0,1.0000,0.0158,0.9994,0.0158
PLT05,PLT05-L4,2026-11-05,N,720,0,1.0000,0.0154,0.9994,0.0154
PLT05,PLT05-L4,2026-11-06,D,720,0,1.0000,0.0158,0.9993,0.0157
PLT05,PLT05-L4,2026-11-06,N,720,62,0.9139,0.0184,0.9993,0.0168
PLT05,PLT05-L4,2026-11-07,D,720,0,1.0000,0.0158,0.9994,0.0158
PLT05,PLT05-L4,2026-11-07,N,720,0,1.0000,0.0158,0.9993,0.0157
PLT05,PLT05-L4,2026-11-08,D,720,71,0.9014,0.0184,0.9993,0.0165
PLT05,PLT05-L4,2026-11-08,N,720,0,1.0000,0.0155,0.9993,0.0155
PLT05,PLT05-L4,2026-11-09,D,720,37,0.9486,0.0168,0.9994,0.0159
PLT05,PLT05-L4,2026-11-09,N,720,100,0.8611,0.0179,0.9994,0.0154
PLT05,PLT05-L4,2026-11-10,D,720,0,1.0000,0.0157,0.9993,0.0157
PLT05,PLT05-L4,2026-11-10,N,720,0,1.0000,0.0153,0.9993,0.0153
PLT05,PLT05-L4,2026-11-11,D,720,0,1.0000,0.0151,0.9994,0.0151
PLT05,PLT05-L4,2026-11-11,N,720,0,1.0000,0.0159,0.9994,0.0159
PLT05,PLT05-L4,2026-11-12,D,720,108,0.8500,0.0192,0.9992,0.0163
PLT05,PLT05-L4,2026-11-12,N,720,0,1.0000,0.0156,0.9993,0.0156
PLT05,PLT05-L4,2026-11-13,D,720,98,0.8639,0.0171,0.9993,0.0147
PLT05,PLT05-L4,2026-11-13,N,720,0,1.0000,0.0167,0.9994,0.0167
PLT05,PLT05-L4,2026-11-14,D,720,86,0.8806,0.0178,0.9993,0.0157
PLT05,PLT05-L4,2026-11-14,N,720,0,1.0000,0.0163,0.9994,0.0163
PLT05,PLT05-L4,2026-11-15,D,720,0,1.0000,0.0163,0.9994,0.0163
PLT05,PLT05-L4,2026-11-15,N,720,0,1.0000,0.0160,0.9993,0.0160
PLT06,PLT06-L1,2026-10-19,D,720,0,1.0000,0.0152,0.9994,0.0152
PLT06,PLT06-L1,2026-10-19,N,720,124,0.8278,0.0189,0.9995,0.0156
PLT06,PLT06-L1,2026-10-20,D,720,0,1.0000,0.0158,0.9994,0.0158
PLT06,PLT06-L1,2026-10-20,N,720,0,1.0000,0.0154,0.9994,0.0154
PLT06,PLT06-L1,2026-10-21,D,720,0,1.0000,0.0154,0.9993,0.0154
PLT06,PLT06-L1,2026-10-21,N,720,0,1.0000,0.0160,0.9995,0.0160
PLT06,PLT06-L1,2026-10-22,D,720,103,0.8569,0.0190,0.9994,0.0163
PLT06,PLT06-L1,2026-10-22,N,720,0,1.0000,0.0150,0.9994,0.0150
PLT06,PLT06-L1,2026-10-23,D,720,0,1.0000,0.0159,0.9994,0.0159
PLT06,PLT06-L1,2026-10-23,N,720,0,1.0000,0.0159,0.9994,0.0159
PLT06,PLT06-L1,2026-10-24,D,720,137,0.8097,0.0194,0.9993,0.0157
PLT06,PLT06-L1,2026-10-24,N,780,175,0.7756,0.0191,0.9993,0.0148
PLT06,PLT06-L1,2026-10-25,D,720,29,0.9597,0.0166,0.9994,0.0159
PLT06,PLT06-L1,2026-10-25,N,720,0,1.0000,0.0151,0.9993,0.0151
PLT06,PLT06-L1,2026-10-26,D,720,56,0.9222,0.0172,0.9993,0.0158
PLT06,PLT06-L1,2026-10-26,N,720,0,1.0000,0.0153,0.9994,0.0152
PLT06,PLT06-L1,2026-10-27,D,720,0,1.0000,0.0152,0.9992,0.0152
PLT06,PLT06-L1,2026-10-27,N,720,0,1.0000,0.0154,0.9993,0.0154
PLT06,PLT06-L1,2026-10-28,D,720,61,0.9153,0.0178,0.9994,0.0163
PLT06,PLT06-L1,2026-10-28,N,720,0,1.0000,0.0156,0.9993,0.0156
PLT06,PLT06-L1,2026-10-29,D,720,12,0.9833,0.0162,0.9994,0.0159
PLT06,PLT06-L1,2026-10-29,N,720,80,0.8889,0.0183,0.9993,0.0162
PLT06,PLT06-L1,2026-10-30,D,720,0,1.0000,0.0156,0.9994,0.0156
PLT06,PLT06-L1,2026-10-30,N,720,0,1.0000,0.0164,0.9994,0.0164
PLT06,PLT06-L1,2026-10-31,D,720,0,1.0000,0.0161,0.9994,0.0161
PLT06,PLT06-L1,2026-10-31,N,720,0,1.0000,0.0158,0.9992,0.0158
PLT06,PLT06-L1,2026-11-01,D,720,28,0.9611,0.0165,0.9992,0.0158
PLT06,PLT06-L1,2026-11-01,N,720,0,1.0000,0.0153,0.9993,0.0153
PLT06,PLT06-L1,2026-11-02,D,720,58,0.9194,0.0172,0.9995,0.0158
PLT06,PLT06-L1,2026-11-02,N,720,0,1.0000,0.0163,0.9994,0.0163
PLT06,PLT06-L1,2026-11-03,D,720,0,1.0000,0.0154,0.9994,0.0154
PLT06,PLT06-L1,2026-11-03,N,720,91,0.8736,0.0186,0.9993,0.0162
PLT06,PLT06-L1,2026-11-04,D,720,10,0.9861,0.0164,0.9994,0.0162
PLT06,PLT06-L1,2026-11-04,N,720,0,1.0000,0.0158,0.9993,0.0158
PLT06,PLT06-L1,2026-11-05,D,720,0,1.0000,0.0165,0.9995,0.0164
PLT06,PLT06-L1,2026-11-05,N,720,0,1.0000,0.0158,0.9993,0.0158
PLT06,PLT06-L1,2026-11-06,D,720,39,0.9458,0.0164,0.9994,0.0155
PLT06,PLT06-L1,2026-11-06,N,720,0,1.0000,0.0156,0.9993,0.0156
PLT06,PLT06-L1,2026-11-07,D,720,0,1.0000,0.0156,0.9994,0.0156
PLT06,PLT06-L1,2026-11-07,N,720,71,0.9014,0.0181,0.9994,0.0163
PLT06,PLT06-L1,2026-11-08,D,720,76,0.8944,0.0178,0.9994,0.0159
PLT06,PLT06-L1,2026-11-08,N,720,0,1.0000,0.0160,0.9994,0.0160
PLT06,PLT06-L1,2026-11-09,D,720,0,1.0000,0.0154,0.9994,0.0154
PLT06,PLT06-L1,2026-11-09,N,720,0,1.0000,0.0160,0.9993,0.0160
PLT06,PLT06-L1,2026-11-10,D,720,0,1.0000,0.0154,0.9992,0.0154
PLT06,PLT06-L1,2026-11-10,N,720,0,1.0000,0.0156,0.9993,0.0156
PLT06,PLT06-L1,2026-11-11,D,720,0,1.0000,0.0156,0.9994,0.0156
PLT06,PLT06-L1,2026-11-11,N,720,83,0.8847,0.0184,0.9994,0.0163
PLT06,PLT06-L1,2026-11-12,D,720,0,1.0000,0.0161,0.9995,0.0161
PLT06,PLT06-L1,2026-11-12,N,720,0,1.0000,0.0153,0.9994,0.0153
PLT06,PLT06-L1,2026-11-13,D,720,0,1.0000,0.0156,0.9994,0.0156
PLT06,PLT06-L1,2026-11-13,N,720,0,1.0000,0.0162,0.9995,0.0162
PLT06,PLT06-L1,2026-11-14,D,720,0,1.0000,0.0151,0.9993,0.0151
PLT06,PLT06-L1,2026-11-14,N,720,0,1.0000,0.0150,0.9994,0.0150
PLT06,PLT06-L1,2026-11-15,D,720,0,1.0000,0.0152,0.9993,0.0152
PLT06,PLT06-L1,2026-11-15,N,720,0,1.0000,0.0157,0.9995,0.0157
PLT06,PLT06-L2,2026-10-19,D,720,0,1.0000,0.0159,0.9995,0.0159
PLT06,PLT06-L2,2026-10-19,N,720,7,0.9903,0.0157,0.9996,0.0155
PLT06,PLT06-L2,2026-10-20,D,720,63,0.9125,0.0178,0.9996,0.0162
PLT06,PLT06-L2,2026-10-20,N,720,0,1.0000,0.0155,0.9996,0.0155
PLT06,PLT06-L2,2026-10-21,D,720,0,1.0000,0.0151,0.9995,0.0151
PLT06,PLT06-L2,2026-10-21,N,720,0,1.0000,0.0166,0.9996,0.0166
PLT06,PLT06-L2,2026-10-22,D,720,75,0.8958,0.0170,0.9995,0.0152
PLT06,PLT06-L2,2026-10-22,N,720,0,1.0000,0.0161,0.9996,0.0161
PLT06,PLT06-L2,2026-10-23,D,720,0,1.0000,0.0166,0.9995,0.0166
PLT06,PLT06-L2,2026-10-23,N,720,0,1.0000,0.0161,0.9996,0.0161
PLT06,PLT06-L2,2026-10-24,D,720,58,0.9194,0.0173,0.9995,0.0159
PLT06,PLT06-L2,2026-10-24,N,780,129,0.8346,0.0166,0.9996,0.0138
PLT06,PLT06-L2,2026-10-25,D,720,0,1.0000,0.0145,0.9996,0.0145
PLT06,PLT06-L2,2026-10-25,N,720,72,0.9000,0.0174,0.9997,0.0156
PLT06,PLT06-L2,2026-10-26,D,720,1,0.9986,0.0160,0.9996,0.0160
PLT06,PLT06-L2,2026-10-26,N,720,0,1.0000,0.0154,0.9996,0.0154
PLT06,PLT06-L2,2026-10-27,D,720,132,0.8167,0.0194,0.9995,0.0159
PLT06,PLT06-L2,2026-10-27,N,720,0,1.0000,0.0163,0.9996,0.0163
PLT06,PLT06-L2,2026-10-28,D,720,0,1.0000,0.0155,0.9996,0.0155
PLT06,PLT06-L2,2026-10-28,N,720,88,0.8778,0.0177,0.9996,0.0156
PLT06,PLT06-L2,2026-10-29,D,720,102,0.8583,0.0181,0.9995,0.0155
PLT06,PLT06-L2,2026-10-29,N,720,0,1.0000,0.0169,0.9996,0.0169
PLT06,PLT06-L2,2026-10-30,D,720,0,1.0000,0.0155,0.9996,0.0155
PLT06,PLT06-L2,2026-10-30,N,720,0,1.0000,0.0161,0.9995,0.0161
PLT06,PLT06-L2,2026-10-31,D,720,0,1.0000,0.0156,0.9996,0.0156
PLT06,PLT06-L2,2026-10-31,N,720,33,0.9542,0.0161,0.9995,0.0153
PLT06,PLT06-L2,2026-11-01,D,720,0,1.0000,0.0160,0.9995,0.0160
PLT06,PLT06-L2,2026-11-01,N,720,0,1.0000,0.0159,0.9995,0.0159
PLT06,PLT06-L2,2026-11-02,D,720,0,1.0000,0.0160,0.9996,0.0160
PLT06,PLT06-L2,2026-11-02,N,720,0,1.0000,0.0159,0.9996,0.0159
PLT06,PLT06-L2,2026-11-03,D,720,43,0.9403,0.0163,0.9996,0.0153
PLT06,PLT06-L2,2026-11-03,N,720,0,1.0000,0.0158,0.9996,0.0158
PLT06,PLT06-L2,2026-11-04,D,720,72,0.9000,0.0181,0.9996,0.0163
PLT06,PLT06-L2,2026-11-04,N,720,0,1.0000,0.0167,0.9997,0.0167
PLT06,PLT06-L2,2026-11-05,D,720,0,1.0000,0.0156,0.9995,0.0156
PLT06,PLT06-L2,2026-11-05,N,720,0,1.0000,0.0162,0.9996,0.0162
PLT06,PLT06-L2,2026-11-06,D,720,0,1.0000,0.0155,0.9996,0.0154
PLT06,PLT06-L2,2026-11-06,N,720,7,0.9903,0.0158,0.9996,0.0156
PLT06,PLT06-L2,2026-11-07,D,720,0,1.0000,0.0149,0.9995,0.0149
PLT06,PLT06-L2,2026-11-07,N,720,108,0.8500,0.0181,0.9996,0.0154
PLT06,PLT06-L2,2026-11-08,D,720,0,1.0000,0.0155,0.9997,0.0155
PLT06,PLT06-L2,2026-11-08,N,720,0,1.0000,0.0154,0.9996,0.0154
PLT06,PLT06-L2,2026-11-09,D,720,0,1.0000,0.0164,0.9996,0.0163
PLT06,PLT06-L2,2026-11-09,N,720,0,1.0000,0.0159,0.9995,0.0159
PLT06,PLT06-L2,2026-11-10,D,720,32,0.9556,0.0160,0.9995,0.0153
PLT06,PLT06-L2,2026-11-10,N,720,0,1.0000,0.0155,0.9995,0.0154
PLT06,PLT06-L2,2026-11-11,D,720,0,1.0000,0.0159,0.9995,0.0159
PLT06,PLT06-L2,2026-11-11,N,720,0,1.0000,0.0156,0.9995,0.0156
PLT06,PLT06-L2,2026-11-12,D,720,0,1.0000,0.0161,0.9996,0.0161
PLT06,PLT06-L2,2026-11-12,N,720,101,0.8597,0.0176,0.9995,0.0151
PLT06,PLT06-L2,2026-11-13,D,720,0,1.0000,0.0158,0.9996,0.0158
PLT06,PLT06-L2,2026-11-13,N,720,0,1.0000,0.0162,0.9995,0.0162
PLT06,PLT06-L2,2026-11-14,D,720,0,1.0000,0.0162,0.9996,0.0162
PLT06,PLT06-L2,2026-11-14,N,720,0,1.0000,0.0158,0.9995,0.0158
PLT06,PLT06-L2,2026-11-15,D,720,0,1.0000,0.0159,0.9996,0.0158
PLT06,PLT06-L2,2026-11-15,N,720,0,1.0000,0.0163,0.9996,0.0163
PLT06,PLT06-L3,2026-10-19,D,720,0,1.0000,0.0158,0.9991,0.0158
PLT06,PLT06-L3,2026-10-19,N,720,0,1.0000,0.0159,0.9991,0.0159
PLT06,PLT06-L3,2026-10-20,D,720,0,1.0000,0.0161,0.9991,0.0161
PLT06,PLT06-L3,2026-10-20,N,720,137,0.8097,0.0195,0.9993,0.0158
PLT06,PLT06-L3,2026-10-21,D,720,60,0.9167,0.0168,0.9992,0.0154
PLT06,PLT06-L3,2026-10-21,N,720,0,1.0000,0.0156,0.9993,0.0156
PLT06,PLT06-L3,2026-10-22,D,720,75,0.8958,0.0174,0.9992,0.0156
PLT06,PLT06-L3,2026-10-22,N,720,0,1.0000,0.0154,0.9992,0.0154
PLT06,PLT06-L3,2026-10-23,D,720,0,1.0000,0.0159,0.9990,0.0159
PLT06,PLT06-L3,2026-10-23,N,720,0,1.0000,0.0159,0.9992,0.0159
PLT06,PLT06-L3,2026-10-24,D,720,0,1.0000,0.0157,0.9991,0.0157
PLT06,PLT06-L3,2026-10-24,N,780,55,0.9295,0.0159,0.9990,0.0147
PLT06,PLT06-L3,2026-10-25,D,720,0,1.0000,0.0157,0.9990,0.0157
PLT06,PLT06-L3,2026-10-25,N,720,116,0.8389,0.0181,0.9990,0.0151
PLT06,PLT06-L3,2026-10-26,D,720,79,0.8903,0.0175,0.9992,0.0156
PLT06,PLT06-L3,2026-10-26,N,720,0,1.0000,0.0164,0.9991,0.0164
PLT06,PLT06-L3,2026-10-27,D,720,0,1.0000,0.0164,0.9990,0.0164
PLT06,PLT06-L3,2026-10-27,N,720,0,1.0000,0.0163,0.9990,0.0163
PLT06,PLT06-L3,2026-10-28,D,720,7,0.9903,0.0167,0.9991,0.0165
PLT06,PLT06-L3,2026-10-28,N,720,0,1.0000,0.0156,0.9991,0.0156
PLT06,PLT06-L3,2026-10-29,D,720,0,1.0000,0.0162,0.9992,0.0162
PLT06,PLT06-L3,2026-10-29,N,720,0,1.0000,0.0148,0.9990,0.0148
PLT06,PLT06-L3,2026-10-30,D,720,0,1.0000,0.0162,0.9992,0.0162
PLT06,PLT06-L3,2026-10-30,N,720,135,0.8125,0.0192,0.9990,0.0156
PLT06,PLT06-L3,2026-10-31,D,720,0,1.0000,0.0155,0.9990,0.0155
PLT06,PLT06-L3,2026-10-31,N,720,71,0.9014,0.0177,0.9991,0.0159
PLT06,PLT06-L3,2026-11-01,D,720,0,1.0000,0.0166,0.9992,0.0166
PLT06,PLT06-L3,2026-11-01,N,720,0,1.0000,0.0161,0.9992,0.0160
PLT06,PLT06-L3,2026-11-02,D,720,0,1.0000,0.0162,0.9991,0.0162
PLT06,PLT06-L3,2026-11-02,N,720,0,1.0000,0.0157,0.9989,0.0157
PLT06,PLT06-L3,2026-11-03,D,720,0,1.0000,0.0162,0.9991,0.0162
PLT06,PLT06-L3,2026-11-03,N,720,8,0.9889,0.0164,0.9991,0.0163
PLT06,PLT06-L3,2026-11-04,D,720,0,1.0000,0.0153,0.9992,0.0153
PLT06,PLT06-L3,2026-11-04,N,720,0,1.0000,0.0156,0.9993,0.0156
PLT06,PLT06-L3,2026-11-05,D,720,0,1.0000,0.0156,0.9990,0.0155
PLT06,PLT06-L3,2026-11-05,N,720,74,0.8972,0.0176,0.9991,0.0158
PLT06,PLT06-L3,2026-11-06,D,720,133,0.8153,0.0190,0.9991,0.0155
PLT06,PLT06-L3,2026-11-06,N,720,0,1.0000,0.0162,0.9992,0.0162
PLT06,PLT06-L3,2026-11-07,D,720,30,0.9583,0.0164,0.9994,0.0157
PLT06,PLT06-L3,2026-11-07,N,720,0,1.0000,0.0163,0.9990,0.0163
PLT06,PLT06-L3,2026-11-08,D,720,0,1.0000,0.0160,0.9990,0.0160
PLT06,PLT06-L3,2026-11-08,N,720,0,1.0000,0.0153,0.9992,0.0153
PLT06,PLT06-L3,2026-11-09,D,720,0,1.0000,0.0155,0.9990,0.0155
PLT06,PLT06-L3,2026-11-09,N,720,95,0.8681,0.0181,0.9993,0.0157
PLT06,PLT06-L3,2026-11-10,D,720,9,0.9875,0.0161,0.9992,0.0159
PLT06,PLT06-L3,2026-11-10,N,720,87,0.8792,0.0171,0.9991,0.0150
PLT06,PLT06-L3,2026-11-11,D,720,34,0.9528,0.0161,0.9990,0.0153
PLT06,PLT06-L3,2026-11-11,N,720,0,1.0000,0.0157,0.9992,0.0157
PLT06,PLT06-L3,2026-11-12,D,720,0,1.0000,0.0160,0.9993,0.0160
PLT06,PLT06-L3,2026-11-12,N,720,7,0.9903,0.0156,0.9990,0.0154
PLT06,PLT06-L3,2026-11-13,D,720,0,1.0000,0.0158,0.9992,0.0158
PLT06,PLT06-L3,2026-11-13,N,720,0,1.0000,0.0155,0.9992,0.0155
PLT06,PLT06-L3,2026-11-14,D,720,0,1.0000,0.0157,0.9992,0.0156
PLT06,PLT06-L3,2026-11-14,N,720,0,1.0000,0.0160,0.9992,0.0160
PLT06,PLT06-L3,2026-11-15,D,720,105,0.8542,0.0173,0.9990,0.0148
PLT06,PLT06-L3,2026-11-15,N,720,0,1.0000,0.0158,0.9992,0.0158
PLT06,PLT06-L4,2026-10-19,D,720,0,1.0000,0.0156,0.9996,0.0156
PLT06,PLT06-L4,2026-10-19,N,720,0,1.0000,0.0156,0.9995,0.0156
PLT06,PLT06-L4,2026-10-20,D,720,0,1.0000,0.0163,0.9995,0.0163
PLT06,PLT06-L4,2026-10-20,N,720,19,0.9736,0.0167,0.9996,0.0163
PLT06,PLT06-L4,2026-10-21,D,720,88,0.8778,0.0177,0.9995,0.0155
PLT06,PLT06-L4,2026-10-21,N,720,0,1.0000,0.0166,0.9994,0.0166
PLT06,PLT06-L4,2026-10-22,D,720,75,0.8958,0.0177,0.9995,0.0158
PLT06,PLT06-L4,2026-10-22,N,720,18,0.9750,0.0164,0.9995,0.0160
PLT06,PLT06-L4,2026-10-23,D,720,42,0.9417,0.0169,0.9995,0.0159
PLT06,PLT06-L4,2026-10-23,N,720,0,1.0000,0.0164,0.9997,0.0164
PLT06,PLT06-L4,2026-10-24,D,720,0,1.0000,0.0158,0.9995,0.0158
PLT06,PLT06-L4,2026-10-24,N,780,55,0.9295,0.0149,0.9996,0.0139
PLT06,PLT06-L4,2026-10-25,D,720,0,1.0000,0.0163,0.9995,0.0163
PLT06,PLT06-L4,2026-10-25,N,720,0,1.0000,0.0162,0.9995,0.0162
PLT06,PLT06-L4,2026-10-26,D,720,1,0.9986,0.0160,0.9995,0.0159
PLT06,PLT06-L4,2026-10-26,N,720,0,1.0000,0.0152,0.9995,0.0152
PLT06,PLT06-L4,2026-10-27,D,720,0,1.0000,0.0157,0.9994,0.0157
PLT06,PLT06-L4,2026-10-27,N,720,0,1.0000,0.0163,0.9996,0.0163
PLT06,PLT06-L4,2026-10-28,D,720,0,1.0000,0.0151,0.9995,0.0151
PLT06,PLT06-L4,2026-10-28,N,720,74,0.8972,0.0171,0.9996,0.0153
PLT06,PLT06-L4,2026-10-29,D,720,110,0.8472,0.0189,0.9995,0.0160
PLT06,PLT06-L4,2026-10-29,N,720,0,1.0000,0.0153,0.9995,0.0153
PLT06,PLT06-L4,2026-10-30,D,720,0,1.0000,0.0162,0.9995,0.0162
PLT06,PLT06-L4,2026-10-30,N,720,0,1.0000,0.0160,0.9995,0.0159
PLT06,PLT06-L4,2026-10-31,D,720,112,0.8444,0.0180,0.9994,0.0152
PLT06,PLT06-L4,2026-10-31,N,720,0,1.0000,0.0160,0.9995,0.0160
PLT06,PLT06-L4,2026-11-01,D,720,0,1.0000,0.0156,0.9995,0.0156
PLT06,PLT06-L4,2026-11-01,N,720,0,1.0000,0.0157,0.9995,0.0156
PLT06,PLT06-L4,2026-11-02,D,720,25,0.9653,0.0163,0.9995,0.0157
PLT06,PLT06-L4,2026-11-02,N,720,0,1.0000,0.0147,0.9993,0.0147
PLT06,PLT06-L4,2026-11-03,D,720,53,0.9264,0.0000,,
PLT06,PLT06-L4,2026-11-03,N,720,0,1.0000,0.0000,,
PLT06,PLT06-L4,2026-11-04,D,720,71,0.9014,0.0178,0.9996,0.0160
PLT06,PLT06-L4,2026-11-04,N,720,0,1.0000,0.0151,0.9994,0.0151
PLT06,PLT06-L4,2026-11-05,D,720,0,1.0000,0.0154,0.9996,0.0154
PLT06,PLT06-L4,2026-11-05,N,720,70,0.9028,0.0175,0.9995,0.0158
PLT06,PLT06-L4,2026-11-06,D,720,0,1.0000,0.0163,0.9994,0.0163
PLT06,PLT06-L4,2026-11-06,N,720,134,0.8139,0.0193,0.9995,0.0157
PLT06,PLT06-L4,2026-11-07,D,720,0,1.0000,0.0152,0.9995,0.0152
PLT06,PLT06-L4,2026-11-07,N,720,0,1.0000,0.0157,0.9996,0.0157
PLT06,PLT06-L4,2026-11-08,D,720,0,1.0000,0.0159,0.9995,0.0158
PLT06,PLT06-L4,2026-11-08,N,720,0,1.0000,0.0155,0.9994,0.0155
PLT06,PLT06-L4,2026-11-09,D,720,0,1.0000,0.0164,0.9995,0.0163
PLT06,PLT06-L4,2026-11-09,N,720,0,1.0000,0.0155,0.9994,0.0155
PLT06,PLT06-L4,2026-11-10,D,720,0,1.0000,0.0154,0.9994,0.0154
PLT06,PLT06-L4,2026-11-10,N,720,0,1.0000,0.0160,0.9995,0.0160
PLT06,PLT06-L4,2026-11-11,D,720,31,0.9569,0.0164,0.9995,0.0157
PLT06,PLT06-L4,2026-11-11,N,720,0,1.0000,0.0159,0.9996,0.0159
PLT06,PLT06-L4,2026-11-12,D,720,23,0.9681,0.0172,0.9995,0.0166
PLT06,PLT06-L4,2026-11-12,N,720,0,1.0000,0.0158,0.9995,0.0158
PLT06,PLT06-L4,2026-11-13,D,720,124,0.8278,0.0190,0.9995,0.0157
PLT06,PLT06-L4,2026-11-13,N,720,0,1.0000,0.0157,0.9995,0.0156
PLT06,PLT06-L4,2026-11-14,D,720,0,1.0000,0.0156,0.9994,0.0156
PLT06,PLT06-L4,2026-11-14,N,720,51,0.9292,0.0170,0.9994,0.0158
PLT06,PLT06-L4,2026-11-15,D,720,0,1.0000,0.0154,0.9996,0.0153
PLT06,PLT06-L4,2026-11-15,N,720,0,1.0000,0.0149,0.9995,0.0149
